{"type":"FeatureCollection","crs":{"type":"name","properties":{"name":"EPSG:4326"}},"features":[{"type":"Feature","geometry":{"type":"Polygon","coordinates":[[[-3.80920766759442,53.3055096886669],[-3.80921406887483,53.3055176799011],[-3.80940578320938,53.3057584222822],[-3.80964917640692,53.3060477211323],[-3.81016221130654,53.306254824422],[-3.81228318885913,53.3070739930686],[-3.81227178991149,53.3071613447581],[-3.8126530132375,53.3072651975784],[-3.8128059976317,53.3070876160048],[-3.81293929665158,53.3071143495494],[-3.81334141776108,53.3073608739257],[-3.81350517968297,53.307469827911],[-3.81354398039299,53.3077488387055],[-3.81355200735261,53.3081163949684],[-3.81353471799799,53.3084852343457],[-3.81351479212905,53.308689643543],[-3.81346832283854,53.3091146509264],[-3.81342010237989,53.3093581372894],[-3.81333165555227,53.3097154780864],[-3.81300876376212,53.3107758806598],[-3.81294916966919,53.3115310189347],[-3.81293632684668,53.3118647409393],[-3.81292374194806,53.3123477411442],[-3.8129926352335,53.3125570013864],[-3.81304745176641,53.3126793868858],[-3.81312385151059,53.312817531921],[-3.81345022447249,53.3131883361643],[-3.81362734477216,53.3133636854519],[-3.81392238360027,53.3136316086498],[-3.81473039226787,53.3142423273603],[-3.81641306985045,53.3154753165527],[-3.81895889516719,53.3173415007229],[-3.8189352795003,53.3173508483687],[-3.8170827377028,53.3181315312822],[-3.81701435977653,53.3181478520398],[-3.81688146102509,53.3181984994141],[-3.81686362870928,53.3182041643176],[-3.81672687089503,53.318236805573],[-3.81658242372422,53.3182632725366],[-3.81645283097693,53.318286816889],[-3.81610784890845,53.3183307187604],[-3.81532353114042,53.3183157003334],[-3.8146949752707,53.3182929130118],[-3.81338606318056,53.3182633958668],[-3.81331246776112,53.3182618181039],[-3.8130824914334,53.3182563279739],[-3.81307506919612,53.318256440838],[-3.81310000858414,53.3199434743992],[-3.81314948525678,53.3202609714236],[-3.81326127986052,53.3208804904629],[-3.81350526640263,53.3218908444977],[-3.81352847192919,53.3220469645558],[-3.81355319203568,53.3225620297932],[-3.8131754254469,53.3225561941201],[-3.81293881061312,53.3225530495623],[-3.81256547869178,53.322547937454],[-3.81237166633301,53.3225450400847],[-3.81218235550444,53.3225420739818],[-3.81201707178036,53.3225391919333],[-3.81180892859887,53.3225347134177],[-3.81169475715438,53.3225333017487],[-3.81154976832438,53.3225310096845],[-3.81140554877693,53.3225291552626],[-3.81129132029824,53.3225263955558],[-3.81106217017219,53.3225222348605],[-3.81093684006031,53.3225232394898],[-3.81079815750273,53.3225280428239],[-3.81064891434436,53.3225316578535],[-3.81043214843625,53.3225362979984],[-3.80997175937953,53.3225495808606],[-3.80974008322255,53.3225566936202],[-3.80961492394593,53.3225617398212],[-3.80949569066816,53.3225648979316],[-3.80933825143387,53.3225699842257],[-3.8091725213756,53.3225742971027],[-3.80905705828221,53.3225778470729],[-3.80840036742233,53.3226003952262],[-3.80823186392664,53.3226101429338],[-3.80755826663748,53.3226590142005],[-3.80725145865786,53.3226825443194],[-3.80697010213777,53.3227043394112],[-3.80661162054671,53.3227308985299],[-3.80647023914171,53.3227429298231],[-3.80613674296338,53.3227745030306],[-3.80576371004354,53.3228120681747],[-3.80557684663195,53.3228315298228],[-3.80544227377721,53.3228448053108],[-3.80525987371632,53.3228632998645],[-3.80506850826435,53.3228828288817],[-3.80457247595812,53.3229411316204],[-3.80375128970145,53.3230331201456],[-3.80340166190684,53.3230739198768],[-3.80317235289378,53.3231016613616],[-3.80307400817136,53.3231127347961],[-3.80281728416296,53.3231416426545],[-3.80280783218049,53.3231453816214],[-3.80276984294331,53.3231531840848],[-3.8027688755465,53.3231533875044],[-3.80258084294313,53.3231651216453],[-3.80162421535283,53.3232596465718],[-3.80057373693071,53.3233658654953],[-3.79981667662729,53.3234406758506],[-3.79970627871847,53.3234576254247],[-3.79958999190096,53.3234773608113],[-3.79948116992535,53.3234960844131],[-3.7993723478526,53.3235148079158],[-3.79924717077097,53.3235373741615],[-3.79913838626672,53.3235569958928],[-3.79902956388307,53.3235757190834],[-3.79891331419511,53.3235963522532],[-3.79879560161337,53.3236179063893],[-3.79867935169366,53.3236385393315],[-3.79857052889371,53.323657262104],[-3.79846166823063,53.3236750863355],[-3.79835284523866,53.3236938089098],[-3.79823659489096,53.3237144414213],[-3.79812773393738,53.3237322653486],[-3.79801891064799,53.3237509876187],[-3.79791004950688,53.3237688113477],[-3.79780122602547,53.3237875334196],[-3.79769236469684,53.3238053569502],[-3.79758196496714,53.3238223045615],[-3.79746256178003,53.3238393877953],[-3.79734158244758,53.3238546966443],[-3.79722056528574,53.3238691069283],[-3.7970905446608,53.3238836527861],[-3.79683391932012,53.3239225817194],[-3.79639182683059,53.3239786886247],[-3.79628131295196,53.3239929397061],[-3.79616929842934,53.3240072132897],[-3.79605878439866,53.3240214641651],[-3.79593934230294,53.3240376474336],[-3.7958288281127,53.3240518980964],[-3.79571838926488,53.3240679455427],[-3.79559898461032,53.3240850269138],[-3.79548108043015,53.3241020855698],[-3.79536321385535,53.3241200425524],[-3.79525281234778,53.3241369880114],[-3.79514233535649,53.3241521364821],[-3.79503189597971,53.3241681832938],[-3.7949109524897,53.3241843881242],[-3.79480051293858,53.324200434722],[-3.79468110752936,53.3242175151757],[-3.79457224375035,53.3242353358633],[-3.79446341756177,53.3242540548951],[-3.79435459127604,53.3242727738278],[-3.79423687444959,53.3242943234729],[-3.79412812331061,53.3243148390862],[-3.79400301636299,53.324339196725],[-3.79389426499388,53.3243597121255],[-3.79377804827118,53.3243812387428],[-3.79367079726762,53.3244017313656],[-3.79354572746079,53.3244269869694],[-3.79343847622744,53.3244474793837],[-3.79329554973818,53.3244765993405],[-3.79299352855814,53.3245431729471],[-3.79273303359051,53.3245974343114],[-3.79149419167873,53.3248251633787],[-3.79125995236117,53.3248682388837],[-3.79103364734698,53.3249143412782],[-3.79082172132938,53.3249595979764],[-3.7904516437706,53.3250254790327],[-3.79034072788494,53.3250445852337],[-3.79022820602092,53.325061198216],[-3.79009660344645,53.3250739621018],[-3.78991979451145,53.3250829094038],[-3.78959457528135,53.3250976799756],[-3.78938182658791,53.3251089638886],[-3.78920974461865,53.3251232332518],[-3.78894931416536,53.3251433229342],[-3.78861738713369,53.3251736544191],[-3.78850114238226,53.3251838487393],[-3.78837227770541,53.3252010646879],[-3.78820778054846,53.325213600622],[-3.78808349190574,53.325214565474],[-3.78796715718317,53.3252333911027],[-3.78785330332901,53.3253654532087],[-3.78775262420415,53.3253995963049],[-3.78756747686515,53.3253923032502],[-3.78745878354579,53.3254107438862],[-3.78733997294248,53.3254529796992],[-3.78723848314141,53.3254964840776],[-3.78708885048183,53.3255880870481],[-3.78697632360833,53.3256585467243],[-3.78689402238934,53.3257049097265],[-3.78679885327071,53.3257631524532],[-3.7866845253963,53.3258731947004],[-3.78652803205855,53.3259479985949],[-3.78629629958869,53.3260333688789],[-3.78617568532567,53.3260756305227],[-3.78589092594833,53.3261245758308],[-3.78576474368052,53.3261449849218],[-3.7855191391494,53.3261930732506],[-3.78540849195045,53.3262187332213],[-3.78501896368831,53.3263874631346],[-3.78489456072797,53.3264721229168],[-3.78480834974594,53.3265364329966],[-3.78468658957899,53.3266664523224],[-3.78449624804475,53.326790305924],[-3.78446066862235,53.3268552964303],[-3.78442988352609,53.3269272273498],[-3.78437912463798,53.326988309602],[-3.78431654768384,53.3270504676717],[-3.78429777159062,53.3271187127624],[-3.78426095343398,53.3271864187239],[-3.78418911325253,53.3272425122532],[-3.78413512723892,53.3273018446838],[-3.7840312405257,53.3273312679096],[-3.78397886932972,53.3272637277278],[-3.78387528577801,53.3272284185503],[-3.78370233158004,53.327222015884],[-3.78357991382228,53.3272031701195],[-3.78347107731095,53.3271859190921],[-3.78327195491519,53.3271821546835],[-3.78316602287466,53.3272165522189],[-3.78307316494397,53.3272583956225],[-3.78297299064094,53.3273048433303],[-3.78287548042428,53.3273431601542],[-3.78279177592818,53.327388462455],[-3.7827142613066,53.3274381671337],[-3.78263997260477,53.3274932175084],[-3.78255649225374,53.3275439102608],[-3.78247605056159,53.3275954565251],[-3.78238975562652,53.3276506862076],[-3.78230758816817,53.3276968641735],[-3.78220714992235,53.3277370221866],[-3.78210836195404,53.3277807514319],[-3.7819743053811,53.3278429875669],[-3.78188320767876,53.3278910966737],[-3.78179372278641,53.3279418785956],[-3.78171162898749,53.3279898530247],[-3.78165945211186,53.3280197600861],[-3.78024164606103,53.3272503986586],[-3.77931393495702,53.326678987031],[-3.7785599987617,53.3262784331611],[-3.77889030004273,53.3260964542887],[-3.77893979166013,53.3260957159303],[-3.77896379464358,53.3260953578258],[-3.77907064327602,53.3260299538944],[-3.77974701067842,53.3256107546088],[-3.78089241381712,53.325350993209],[-3.78105877464485,53.325272924411],[-3.78158130743717,53.3250934572737],[-3.78191602641892,53.3248367155401],[-3.78198983171938,53.324626114175],[-3.78190188168123,53.3244971093874],[-3.78170614826039,53.3241611158417],[-3.78167749353351,53.3241211003867],[-3.78161999543261,53.3240752246619],[-3.78155707953905,53.3240419224665],[-3.78152440775144,53.3240154476117],[-3.78149349427051,53.3239925425059],[-3.78146598881009,53.3239444205639],[-3.78161619445652,53.3237669201688],[-3.78165667475064,53.3236925283689],[-3.78167382881585,53.323634751754],[-3.78168208998276,53.3235447536474],[-3.78164770901458,53.3234058709152],[-3.78172775420733,53.3231638100449],[-3.78178241768506,53.3230703315798],[-3.78179844906467,53.3230242561137],[-3.78184615611678,53.3228707550535],[-3.78173804591983,53.322798583723],[-3.78168600420343,53.322702296469],[-3.78162122679499,53.3225172229345],[-3.78153002141129,53.3224555833136],[-3.78153099726456,53.3223333387806],[-3.78169489265125,53.3220863399222],[-3.78157379104316,53.322026135997],[-3.78148426149679,53.3219690544479],[-3.78142186579654,53.3219124673313],[-3.7812591609888,53.3217539318364],[-3.78110536807912,53.3215953528986],[-3.78085200789297,53.321278193628],[-3.7806590901353,53.3209736126661],[-3.78058794956221,53.3208496591581],[-3.78057373393553,53.3207608948953],[-3.7805802125114,53.3206637332053],[-3.78063776047832,53.320532465516],[-3.78072806995819,53.3203585567124],[-3.78084102281074,53.3203658569995],[-3.78097351122571,53.3203755614865],[-3.78140939660319,53.3203879232763],[-3.78168886704857,53.3203927346265],[-3.78230028732429,53.3204348251654],[-3.78262865874388,53.3204604731871],[-3.78284345237186,53.3204995031543],[-3.78322507698469,53.3205791774201],[-3.78323570449568,53.3205817145928],[-3.78415481365554,53.3196159169851],[-3.78442809442632,53.3193269232097],[-3.78729572336101,53.3182859945727],[-3.78530571841016,53.3175489952483],[-3.78532744577186,53.317529796092],[-3.78604685208026,53.3168888163723],[-3.78620532294368,53.3167650211403],[-3.78616716557211,53.3167494151521],[-3.78534694803758,53.3164128951993],[-3.78540794066522,53.3164002982861],[-3.7853343542252,53.3161110131109],[-3.78542770102849,53.3160817540058],[-3.78544317901544,53.3160581542624],[-3.78552910523242,53.3160676528161],[-3.78564822104675,53.3160775523189],[-3.78576244910178,53.3160830316669],[-3.78581624402127,53.3160759346128],[-3.78586260485821,53.316071645022],[-3.78592463232667,53.3160482469283],[-3.78603728242579,53.3159773554423],[-3.78575059754046,53.3158702051316],[-3.78602559041102,53.3155162911975],[-3.78610346418873,53.3154396293493],[-3.78610818090773,53.3154458499527],[-3.7862165561622,53.3155602551101],[-3.78628713244035,53.3156319967574],[-3.78647904706115,53.3157342755526],[-3.7866992449809,53.3158676755094],[-3.78713123962839,53.316182145136],[-3.78770029946738,53.3156440691611],[-3.78785955107329,53.315539222795],[-3.78797356550943,53.3154655229798],[-3.78801347183147,53.3154163923688],[-3.78818451193749,53.3152322784147],[-3.78836287772442,53.3151198653932],[-3.78840997183041,53.3150975890167],[-3.78858285057793,53.3150671343564],[-3.78869566158119,53.3150357826547],[-3.78891874511876,53.3149479528475],[-3.79073280225336,53.3146761684719],[-3.7906535089214,53.3145766991651],[-3.79062725773972,53.3145231681597],[-3.79054260634274,53.3144731213908],[-3.79049132515388,53.3143597497149],[-3.7914674695455,53.3141544605351],[-3.79160692136355,53.3141505669535],[-3.79159011271211,53.3141067806642],[-3.79155599492024,53.3140812301802],[-3.79159778898953,53.3140743108516],[-3.79205033464943,53.3140189762595],[-3.79227080541138,53.31401386494],[-3.79276453300373,53.3140109348125],[-3.79303883225411,53.3139996203576],[-3.7931299787013,53.3139919582341],[-3.79330941694874,53.3139380300908],[-3.7939535874305,53.3137269281955],[-3.79441307847727,53.3135510478734],[-3.79511766621223,53.3132078126229],[-3.79575348395671,53.3127981122899],[-3.79663734679659,53.3126131343458],[-3.79689236878211,53.3126793929953],[-3.79712922894391,53.3131001239721],[-3.79693396363538,53.3134195187118],[-3.79658100252882,53.3135588418725],[-3.79633196107423,53.313490694431],[-3.79603974225298,53.3133934478085],[-3.79572381240375,53.3136661252438],[-3.79619711872992,53.3138550135175],[-3.79636068893088,53.3139244491172],[-3.79711726643226,53.3139588829101],[-3.79726041664975,53.3142228453423],[-3.7981540237538,53.3141248880883],[-3.80038427215138,53.3138628564031],[-3.80262397587823,53.3124390947163],[-3.80283857165013,53.3122947462527],[-3.80286915832227,53.3123068663363],[-3.80295789777851,53.3123127148691],[-3.80301244946841,53.3122885229483],[-3.80321706540568,53.3121217658652],[-3.80328344244851,53.3120227978578],[-3.80332112673079,53.3119889735757],[-3.80338597277472,53.3119241820477],[-3.80348265970909,53.3118337429223],[-3.80359547059517,53.3116971339205],[-3.80365354552899,53.3116126718463],[-3.80378441881008,53.3114083825981],[-3.80377678669437,53.311333002804],[-3.80390823245296,53.3111746315761],[-3.80395185630396,53.311105576748],[-3.8039698995905,53.3109992502864],[-3.80400252211163,53.3109187682447],[-3.80400397980331,53.3108476551909],[-3.80394944241584,53.3106929956212],[-3.80394453434788,53.3106822844515],[-3.80399330376389,53.3105943678501],[-3.80404172750129,53.3105657740292],[-3.80398426695346,53.3104856659353],[-3.80416396780763,53.3104416043796],[-3.80419231964721,53.3104007316482],[-3.80420840877349,53.3103537531824],[-3.80415604662925,53.3101450464704],[-3.80414410244709,53.3100760232019],[-3.80414696450913,53.3100382322701],[-3.80430732041759,53.3093885241986],[-3.80427349088388,53.3092289682463],[-3.8043586983654,53.3092186906391],[-3.80448655959005,53.3091897936022],[-3.80459119158965,53.3091441712798],[-3.80465834804217,53.3090991160356],[-3.80480232514113,53.3090268339698],[-3.80533394403513,53.3091050671926],[-3.8055578622934,53.3088625186859],[-3.80543966787501,53.3087978004402],[-3.80541773879435,53.3087415110175],[-3.80541599007572,53.3087352462226],[-3.80544223160652,53.3087177731152],[-3.80551212765261,53.3086672827577],[-3.80541632214967,53.3085670851375],[-3.80533212396125,53.3085279163513],[-3.80519700992385,53.3084904164174],[-3.80509956028907,53.3084568403098],[-3.80476893879387,53.3082703215407],[-3.80447605031929,53.3081597146459],[-3.8043857668217,53.3081170421629],[-3.8041197933448,53.3078962900502],[-3.80401664063565,53.3078007859703],[-3.80380151407107,53.307608922079],[-3.8040857816562,53.3074446445299],[-3.80442153913436,53.3072219770765],[-3.80446800983158,53.3071853235343],[-3.80480537910875,53.3069275801512],[-3.80527903263809,53.3065563273517],[-3.80581500108588,53.3062749024175],[-3.80688809065472,53.3057398887831],[-3.80704888876946,53.3056736406346],[-3.80716812657021,53.3056547578642],[-3.80732605008049,53.3056640478272],[-3.80754058462469,53.3058388378056],[-3.80830474022393,53.3056662865686],[-3.80853287383104,53.3058435646728],[-3.80892148564883,53.3057684662882],[-3.80878683985305,53.305636505662],[-3.80897508734358,53.3055815219924],[-3.80920766759442,53.3055096886669]]]},"properties":{"WD24CD":"W05001409","WD24NM":"Craig-y-don","LAD24NM":"Conwy"}},{"type":"Feature","geometry":{"type":"Polygon","coordinates":[[[-3.70756882560904,53.2938199287129],[-3.70755983637932,53.2935599368103],[-3.70755845554097,53.2934880576435],[-3.7075764232597,53.2933367222078],[-3.70757690545129,53.2933115506189],[-3.7076761150916,53.2927527319863],[-3.70773518889516,53.2925029346613],[-3.70773761993238,53.292486720598],[-3.70773763291768,53.2924866323103],[-3.70776819559743,53.2922012944993],[-3.7077643688623,53.2919532076564],[-3.70772240319328,53.2916544449432],[-3.70766575287897,53.2914745247335],[-3.70757591646116,53.2912906759879],[-3.70746216609914,53.2911088770232],[-3.70725960543695,53.2908465678754],[-3.70709463668891,53.2906584023517],[-3.70651901019587,53.290182059166],[-3.70631024100027,53.2899872410124],[-3.70626345196697,53.2899429748306],[-3.70671927459716,53.2899364465219],[-3.70712991846077,53.2899260697853],[-3.70752404618815,53.2899141312628],[-3.708126129372,53.2898497810446],[-3.70860596692854,53.2897692066288],[-3.70911567906053,53.2896468595108],[-3.70966782756502,53.2894968500602],[-3.71005256150151,53.289401457109],[-3.71030218523875,53.2893394576388],[-3.71062221558536,53.2892377116049],[-3.71121776226086,53.2890503141017],[-3.71153052423814,53.2889927962912],[-3.71285735239813,53.2887804140601],[-3.71285295689827,53.2881844443306],[-3.71306053723539,53.2881230422827],[-3.71308700110299,53.2881073835963],[-3.71314566555058,53.2880741866527],[-3.71324074891022,53.288014401833],[-3.71353022857984,53.2878636572301],[-3.71356887413905,53.2878154689014],[-3.71357533717003,53.2877884146096],[-3.71360061795268,53.2876720249275],[-3.71380432280377,53.2872879466264],[-3.71390780361445,53.2870608784434],[-3.71395339693441,53.2870781967435],[-3.71409646092661,53.2867893553218],[-3.71368988962129,53.2867151285788],[-3.71358110828825,53.2866951240694],[-3.71373013651774,53.286632765726],[-3.71378020494299,53.2866104762205],[-3.7140257681941,53.2860360731852],[-3.71371655140332,53.2859928901858],[-3.71370300540832,53.2859912870882],[-3.71398823551282,53.2853974410405],[-3.71400103736877,53.2853433332416],[-3.71399774709648,53.2853352924471],[-3.71398085099404,53.2852870040396],[-3.71393803189511,53.2852678479234],[-3.71390754241582,53.2852539073896],[-3.71364759778526,53.2852055214508],[-3.71375701549157,53.2849414295523],[-3.71393867240682,53.2849064625572],[-3.71433054831469,53.2846167363565],[-3.7146108829804,53.2846863974087],[-3.71465025252461,53.2846966149089],[-3.71462467482323,53.2845828447368],[-3.71461183930542,53.2844103845071],[-3.71459989847579,53.2841489382525],[-3.71457151201818,53.283853576386],[-3.71450414973931,53.2837062562169],[-3.71450919927553,53.2833439127847],[-3.71451534552242,53.2832718380773],[-3.71457365419919,53.283192811527],[-3.71467334281375,53.2830970124877],[-3.71484737051764,53.2829488277517],[-3.71489000219866,53.2828520520045],[-3.71488686098771,53.2826993176371],[-3.71487776718464,53.2824719858395],[-3.71482716573486,53.2823324266477],[-3.71476994223621,53.2822128235245],[-3.71478710060315,53.2821532620774],[-3.71484913827114,53.2820562079148],[-3.71495510330768,53.2819287737936],[-3.71496445957043,53.2818998803888],[-3.7149737439754,53.2818691909917],[-3.71494899520129,53.2817760821225],[-3.71476223231434,53.2815315359899],[-3.71475267015339,53.2815181936778],[-3.7147269408384,53.2814376798319],[-3.71471033909924,53.281359641593],[-3.71470489354732,53.2812977095106],[-3.7147277187729,53.2811571832208],[-3.71480543654352,53.2809636514709],[-3.7148054118453,53.2808486178377],[-3.7147524302266,53.2807639133195],[-3.71466223240221,53.2806825302876],[-3.7143787747246,53.2804969831455],[-3.71414863418975,53.2803303491444],[-3.71389278712039,53.2801578833799],[-3.71355844233601,53.2798624341371],[-3.71332872803209,53.2796319845881],[-3.7131926801868,53.2795296008205],[-3.71312459610615,53.2794784551317],[-3.71283520664773,53.2793298349047],[-3.71210046415516,53.2789978975409],[-3.71176807856076,53.2787850966466],[-3.71151852878016,53.2785468390781],[-3.71140117367604,53.2783858577608],[-3.7113111727318,53.2782378753261],[-3.71120714758153,53.2780731082393],[-3.7111144805428,53.2777436239729],[-3.71108759683774,53.2776711245427],[-3.71102615355177,53.2775228215974],[-3.7109405390161,53.2774072185613],[-3.71077140626893,53.2772253219267],[-3.71053720418196,53.2770335741574],[-3.71039964138207,53.2769672470457],[-3.71024078795024,53.2769344772124],[-3.71001679076108,53.2768837690855],[-3.70998481052815,53.2768725450261],[-3.70984499894948,53.276824223443],[-3.70977252179883,53.2767370998519],[-3.70976631919499,53.2765071188385],[-3.70977634906792,53.2760826039085],[-3.70977904584421,53.2758866469596],[-3.70998738006592,53.2757307865584],[-3.71009576700355,53.2756672205145],[-3.7101602950154,53.2756294476677],[-3.71018074609814,53.2755779274432],[-3.71028813640177,53.2755638043546],[-3.71041292588607,53.2755332545432],[-3.71052068919755,53.2754912660152],[-3.71050189844383,53.2753952842324],[-3.71053614237364,53.2753516548996],[-3.71056811399802,53.275288286297],[-3.71060634093368,53.2752329149867],[-3.71069303499684,53.2751867336501],[-3.71073484885527,53.2751438035932],[-3.71083242626565,53.2751100481898],[-3.71084294398401,53.2750730494175],[-3.7108299871992,53.2750489698994],[-3.71083237963051,53.2750345553181],[-3.71083710811115,53.2750012347145],[-3.71090351009288,53.2749733189481],[-3.71092114415738,53.274965876567],[-3.71097437398467,53.2749084922088],[-3.71097231759465,53.2748941414975],[-3.71096874143956,53.2748789145147],[-3.71093168518883,53.274855180997],[-3.71081799167415,53.2747857228929],[-3.7108052036189,53.2746915395384],[-3.71080917886265,53.2746393563607],[-3.71081215702664,53.274602465824],[-3.71083850177694,53.274549960623],[-3.71089255263858,53.2745131459902],[-3.7110171713233,53.2744412555061],[-3.71103504728351,53.274399657033],[-3.71100032883175,53.2743570165742],[-3.71095405275538,53.2743253263066],[-3.7109169512963,53.2742224832353],[-3.71091692758503,53.2742224152525],[-3.71096995297106,53.2741227930325],[-3.71099615739948,53.2741008473752],[-3.71103401077975,53.273961899099],[-3.71111173855837,53.2738429597989],[-3.71125761425183,53.2736656127402],[-3.71126762896712,53.2736160380124],[-3.71122646318683,53.2735977556979],[-3.71114704475351,53.2735628572778],[-3.71113780031333,53.273517154125],[-3.71116134413855,53.2735060318194],[-3.71120100306495,53.2734865890259],[-3.71137742991568,53.2734364228441],[-3.71149054789726,53.273414128042],[-3.7115151713725,53.2733526611513],[-3.71144427601207,53.2733051472723],[-3.71139328066256,53.2732698399548],[-3.71148311704771,53.2732281071057],[-3.71154828320164,53.2732065008433],[-3.71164003224265,53.2731755246924],[-3.71169239461449,53.2731738737026],[-3.71180333503144,53.2731713822694],[-3.71178934857091,53.2730844054778],[-3.71174337297345,53.2730230535175],[-3.71192514361807,53.2729178978027],[-3.71221085658214,53.2729353630766],[-3.71228534425995,53.2729613444467],[-3.71231923719192,53.2729833259462],[-3.71240537410506,53.2730378095234],[-3.71244585625087,53.2730390258641],[-3.71261100126518,53.273043842174],[-3.71278577681239,53.2730637990645],[-3.71300820332773,53.2731127293567],[-3.71323538289537,53.2731660840373],[-3.7134452686702,53.2732044085889],[-3.71360946943577,53.2732227182895],[-3.71371635641431,53.2732301686247],[-3.71380290937572,53.2732208358818],[-3.71382091658071,53.2732196779597],[-3.71411246895039,53.2730492201466],[-3.71419940781432,53.2730093240928],[-3.71428625806029,53.2729703282426],[-3.7145735891421,53.2728798276216],[-3.71484199588698,53.2727645231757],[-3.71496025010083,53.2727223789672],[-3.71511512084789,53.2726590373326],[-3.71527145193205,53.2725919895468],[-3.71556407311107,53.2724484746085],[-3.71619008852357,53.2722749945869],[-3.71644567386933,53.272216401433],[-3.7168052723074,53.2721707796916],[-3.71698193890844,53.2721268932243],[-3.71711419894519,53.2720980264273],[-3.71734912490346,53.2720083634202],[-3.71801207408007,53.2718621123476],[-3.71852976111604,53.271719833264],[-3.71882620104262,53.2716319734857],[-3.71903582704488,53.2715129210212],[-3.71920963390846,53.2714349187641],[-3.7194284103224,53.2714299630008],[-3.72034770979823,53.2715038619983],[-3.72124981187873,53.2714881301621],[-3.72124233845601,53.2716006685531],[-3.72121915653612,53.2716576233555],[-3.72107810015673,53.2719167873722],[-3.72124482774337,53.2719242636251],[-3.72148314791979,53.2719594640266],[-3.72157795709223,53.271967979479],[-3.72179991838017,53.2719683653179],[-3.72194594280868,53.2719806330402],[-3.72212255598504,53.272046381841],[-3.72231756051265,53.2720867009548],[-3.72252717067763,53.2721151243949],[-3.72264110773226,53.272113476185],[-3.72272530413926,53.2721194472868],[-3.72288188771255,53.2722466882064],[-3.72300880006685,53.2723832554374],[-3.72302313263914,53.2725520978487],[-3.72305010217695,53.2726631497831],[-3.72313643011116,53.2727958999631],[-3.7231568941288,53.2728189710342],[-3.72321489371449,53.2728837384119],[-3.72331365841924,53.272950611818],[-3.72341171985662,53.2730399635335],[-3.72344354179072,53.2730871354387],[-3.72363133072155,53.273467453042],[-3.72391521519781,53.273700605665],[-3.72404409496818,53.273775221236],[-3.72420131794732,53.273804399902],[-3.72430884059592,53.2738307031002],[-3.72453518541491,53.2739029176887],[-3.72470098081088,53.2739607307561],[-3.72491071123212,53.2739918438791],[-3.72510891133198,53.2741481357303],[-3.72530112162235,53.2741525406857],[-3.72550136069669,53.2742089544667],[-3.72571615715968,53.2742921190632],[-3.72586051500429,53.2743763932983],[-3.72604772082903,53.2744806273836],[-3.72614132818363,53.2745727370856],[-3.72619050841802,53.2746025812316],[-3.72625516737416,53.274642175992],[-3.72632092876521,53.2747122210968],[-3.72638716217693,53.2748307906431],[-3.72650551974126,53.2749387182158],[-3.72658640049005,53.2750463809646],[-3.72671239272308,53.2751595896348],[-3.7268363728288,53.2752198029303],[-3.7270001746949,53.2752678452288],[-3.72706812174257,53.2752785425981],[-3.72713288539881,53.2752838940869],[-3.72726453231201,53.2752765922311],[-3.72732341962397,53.2752496748044],[-3.72744253145328,53.2752289835884],[-3.72763322557224,53.2751956603378],[-3.72777512162037,53.2751450708261],[-3.72790184573862,53.2750893083902],[-3.72814809394582,53.2749832797222],[-3.72831342262783,53.2749557156858],[-3.72859762208905,53.2748984755461],[-3.72876954222719,53.2749607775396],[-3.72885821252126,53.2750008311953],[-3.72895852757029,53.275035322717],[-3.72903153966903,53.2750612244987],[-3.72905392297843,53.2750582025044],[-3.72927698086731,53.2750118246194],[-3.72966741299616,53.275022330157],[-3.7300713740123,53.2750371308935],[-3.73029523166929,53.2750473587637],[-3.73049997344024,53.2750282059838],[-3.73063056686888,53.2749948526275],[-3.73075037989736,53.2749517698272],[-3.73085330673712,53.2749008443308],[-3.73078421754449,53.2747516732203],[-3.73134082121897,53.2744954448243],[-3.73146797445115,53.274450457594],[-3.73157354300087,53.2744282513101],[-3.73176524675813,53.2744200710942],[-3.73199480428246,53.2743511257733],[-3.73209520379603,53.274347868189],[-3.73230088547569,53.2743520649144],[-3.7325854385021,53.274380278546],[-3.73270520276124,53.2743758396805],[-3.73277745026268,53.2742696380821],[-3.73291824415277,53.2741920069379],[-3.73312578244476,53.2740586728692],[-3.73341361449009,53.2738683586582],[-3.73346148363884,53.2738290167264],[-3.7335393163016,53.273824289471],[-3.73367842396948,53.2738150740999],[-3.73376446317487,53.273793150331],[-3.73388807186496,53.2737706803151],[-3.73392641791998,53.2737557428479],[-3.7340001437455,53.2737259101788],[-3.73403734213907,53.2736795334611],[-3.73399545581322,53.2736100443113],[-3.73419995344448,53.2735117120987],[-3.73453474708445,53.2737792356113],[-3.73474145731057,53.2739219070665],[-3.73487584069567,53.2739792650292],[-3.7351191350525,53.2739901004864],[-3.73518678478061,53.2739567619657],[-3.73519793458633,53.2739359285829],[-3.7352286404915,53.2738788622231],[-3.73529140709848,53.2738715678706],[-3.73544275667296,53.2738684639911],[-3.73559421421591,53.2739076873689],[-3.73578593213006,53.2739731969034],[-3.73613536560269,53.2740858358625],[-3.73646562037828,53.2742042362947],[-3.73650945751179,53.2742485333531],[-3.73658036885915,53.2744452171626],[-3.73677472950534,53.2745422308514],[-3.73712983441184,53.2746817465754],[-3.73709847671699,53.2747226459791],[-3.73710389611486,53.274780085108],[-3.73697091003403,53.2750166788688],[-3.73685299980695,53.2750669290965],[-3.7366785934791,53.2751297757609],[-3.7366577392014,53.2751705218916],[-3.73664685308236,53.2752344888238],[-3.73659742967702,53.2752720573161],[-3.73642359546895,53.275388727853],[-3.73640905482303,53.2754357629424],[-3.73642952729647,53.2754588316232],[-3.73633972104457,53.27553743],[-3.73633881551717,53.2755913664561],[-3.73639200354646,53.2756436155304],[-3.73641453702259,53.2757205774378],[-3.73641343055154,53.2757665177392],[-3.73639848576124,53.2758035827767],[-3.73636809946693,53.2758318867069],[-3.73630696818218,53.2758399667705],[-3.73627133234502,53.2758485751112],[-3.73622425405549,53.2758708303362],[-3.73619788110851,53.27588828982],[-3.73609396497777,53.2758781210843],[-3.73606115552826,53.2758435490384],[-3.7359601346284,53.2758315409495],[-3.73583743527264,53.2758369228772],[-3.73574693583334,53.2758984556996],[-3.73568760817043,53.2759541422564],[-3.73568099655176,53.2760504010497],[-3.73571197851211,53.2760734066352],[-3.73571299721402,53.2760985559056],[-3.73576122095771,53.2761778387409],[-3.73572682171473,53.2762169850524],[-3.73559701204351,53.2762727993976],[-3.73555877305354,53.2762904315827],[-3.73555708144101,53.27632191136],[-3.73560916277965,53.2763499117642],[-3.73566176111352,53.2763509434554],[-3.73570211387678,53.2763854947139],[-3.7357521749905,53.2764368915537],[-3.73577337677685,53.2764779238316],[-3.73576432606973,53.2765140039095],[-3.7357406873022,53.2765592844708],[-3.73571066379902,53.2765965690641],[-3.73565989952335,53.276637750804],[-3.73557080015614,53.2766606178833],[-3.73547485583764,53.2767007505247],[-3.73540891797055,53.2767367611175],[-3.73537411780101,53.2767660271101],[-3.73538577266686,53.2767973124775],[-3.73535764656267,53.2768417593266],[-3.73534740397159,53.2768850467155],[-3.73540474285419,53.2768931985977],[-3.73541815765376,53.2769649005077],[-3.73548748273099,53.2770125117682],[-3.73550002462698,53.2770626572858],[-3.7354941735486,53.2771013867456],[-3.73542261850871,53.2772246545237],[-3.73540764232737,53.2773373029349],[-3.7353674543665,53.2773801275055],[-3.73534801643173,53.2774559029143],[-3.73525251819722,53.2775040269793],[-3.73510746787804,53.2775897206446],[-3.73507867246956,53.2776206961192],[-3.73508513926098,53.277667425031],[-3.73510912415756,53.2777039229163],[-3.73519811924151,53.2777547530262],[-3.73530993566726,53.2778133387801],[-3.73532200469641,53.2778518072253],[-3.73526543723618,53.2778993642639],[-3.73512666336154,53.2779904484378],[-3.7350876916609,53.2780149574409],[-3.73499383797366,53.2780611739394],[-3.73492676380622,53.2780809265822],[-3.73483885979741,53.278102026177],[-3.73473335026752,53.2781181652776],[-3.73468133906028,53.2781230955369],[-3.73463929806415,53.2781164052213],[-3.73458792992265,53.2780942049467],[-3.73454504539756,53.2780666656799],[-3.73448883968089,53.2780539233715],[-3.7344382302628,53.278050488407],[-3.73437506488204,53.2780378483183],[-3.73432623795334,53.2780354292556],[-3.73425903762497,53.2780520555326],[-3.73421593347455,53.2780620712854],[-3.7341806735847,53.2780938780736],[-3.73417850237018,53.2781262457771],[-3.73413458900891,53.2781592222808],[-3.73409377198019,53.2781827647943],[-3.7340475697321,53.2782022144761],[-3.73399059396021,53.2782134749508],[-3.73393675834478,53.2782163454004],[-3.73388598150216,53.2782087395992],[-3.73381573266794,53.278193072128],[-3.73378569972823,53.2781820358179],[-3.73371786619448,53.2781830234631],[-3.7336662770198,53.2781983774888],[-3.73363776250266,53.2782248709459],[-3.73362689521908,53.2782573652273],[-3.73361975867024,53.2782960647431],[-3.73362615763716,53.2783251792224],[-3.73367489098462,53.2783682802825],[-3.73370618945622,53.2784105923571],[-3.73369591120462,53.2784576818887],[-3.73367800273589,53.2784881930683],[-3.73365636049901,53.2785124999516],[-3.73362644431526,53.2785473580721],[-3.73359971203023,53.2785748683713],[-3.73356924747184,53.2785961743464],[-3.73354791608774,53.2785976931054],[-3.73344641623129,53.2785740066195],[-3.73340914992103,53.2785790430627],[-3.73331759882223,53.2786514637834],[-3.73322672703001,53.278704013527],[-3.73313932315207,53.2787322467479],[-3.73306187239146,53.2787454228884],[-3.73300896503311,53.2787712274571],[-3.73298032319261,53.2787945932542],[-3.73295239802361,53.2788356808485],[-3.73294157221056,53.2788692181428],[-3.73290451775842,53.2789427746177],[-3.73288211284988,53.2789742392638],[-3.73280722640427,53.2790490240418],[-3.73273156296063,53.2791076421604],[-3.73266604129854,53.2791571265342],[-3.73255840234311,53.2792018306996],[-3.73248716019433,53.2792199431509],[-3.73236216075862,53.2792451276971],[-3.73219224865429,53.2792728532458],[-3.73207366651801,53.2793069320528],[-3.73195022756655,53.2793707384488],[-3.73185237221216,53.2794341726487],[-3.73180093783522,53.2794987296417],[-3.73177508267369,53.2796025475957],[-3.73172891538013,53.2797209509598],[-3.73171625184627,53.2798146011738],[-3.73179691343817,53.2798826292551],[-3.7318045341467,53.2799212533218],[-3.73175038232375,53.2799552928398],[-3.73161353587724,53.2799842437598],[-3.73153979708895,53.2800140749123],[-3.73151669476721,53.2800728277636],[-3.73148540028943,53.2801155218271],[-3.73144511920508,53.2801592455051],[-3.73135123858896,53.2802109383736],[-3.73129938084955,53.2802252631322],[-3.73125728505918,53.2802240780464],[-3.73118805482641,53.2801818556117],[-3.73112970182052,53.2801854007611],[-3.7310660685983,53.2802051987154],[-3.73076633645901,53.2803992729673],[-3.7307100360995,53.2807506798049],[-3.73061966393258,53.2808158010887],[-3.73060573302001,53.2808781044022],[-3.73061975262148,53.2809282286462],[-3.73062608825794,53.2809748704622],[-3.73055745375494,53.2810576507143],[-3.73043281906902,53.2811655095821],[-3.73038168365076,53.2811977974012],[-3.73028626184943,53.2812144617323],[-3.7302317584592,53.2812368225387],[-3.73005007146451,53.2813805597063],[-3.72991470556418,53.2814463348252],[-3.72973576307234,53.2815110346098],[-3.72966990747708,53.2815524329716],[-3.72956490141907,53.2816258547732],[-3.72947789097153,53.281700813097],[-3.72938610809058,53.2818045986719],[-3.72931949607398,53.2818640716818],[-3.72921148367806,53.2818997917455],[-3.72910531431958,53.2819076240958],[-3.72906981687713,53.2819198224283],[-3.72899399762643,53.2819748459502],[-3.72892969876696,53.2820548661278],[-3.728781656776,53.2821406847319],[-3.7287018597175,53.2822442957055],[-3.72870186409985,53.2823179904069],[-3.72866513853863,53.2823733443405],[-3.72851705860329,53.2824582650317],[-3.72843232404733,53.282552960438],[-3.72836107664816,53.2826079171359],[-3.72831778663866,53.2826507851247],[-3.72835173353734,53.2827105054496],[-3.728383747445,53.2827621666965],[-3.72823758637287,53.2829315378728],[-3.72818715595528,53.283021241365],[-3.72810178685166,53.2830971626238],[-3.72800901702794,53.2831398493442],[-3.7278008331418,53.2831851091412],[-3.72772761243212,53.2831942592315],[-3.72765733667751,53.283199772488],[-3.72757456350771,53.2831928841075],[-3.72734794759433,53.2831889815786],[-3.72728676936807,53.2832330066041],[-3.72724521364137,53.2832821399611],[-3.72719637335317,53.2833745158816],[-3.72716899265694,53.2834009757679],[-3.72713056411506,53.2834141149211],[-3.7270546676536,53.2834305832125],[-3.72697732251802,53.2834478815272],[-3.7269125612803,53.2834766803301],[-3.72680866739748,53.2835410962296],[-3.72675188561506,53.2835868551385],[-3.72666567653008,53.2836420286681],[-3.72662999533462,53.2836865838848],[-3.72658855188872,53.2837385017451],[-3.72646418517796,53.2838166970721],[-3.72641067479464,53.2838669027715],[-3.72637578914957,53.2839312187729],[-3.72624567019011,53.2839402946699],[-3.72614694751489,53.2839489145566],[-3.72608746756094,53.2839614606648],[-3.72605196585721,53.2839736583902],[-3.72597385996383,53.2840089419127],[-3.72587699987165,53.2840607643442],[-3.72575234295579,53.2841317729136],[-3.72569633436848,53.2841568498915],[-3.72558504177567,53.2841881207578],[-3.72548340202874,53.2841949852423],[-3.72543169971008,53.2842164046457],[-3.72532657187488,53.2842871298419],[-3.72516688284089,53.2844189502843],[-3.72510870345618,53.2844638307808],[-3.72508580609672,53.2845279726868],[-3.72484887444982,53.2846059982185],[-3.72481869210511,53.2846396879776],[-3.72475479346898,53.2846900441236],[-3.72465769884744,53.2847391727646],[-3.72450996185913,53.2847961337823],[-3.72437553198208,53.2848457127565],[-3.72432342922947,53.284857251235],[-3.72403408630143,53.284862338132],[-3.72378322798832,53.284852487212],[-3.72375040433209,53.2848574562285],[-3.72369907607156,53.2848851605223],[-3.72362458212045,53.2849365673942],[-3.72355077431112,53.2850050405734],[-3.72345560973981,53.2850622284243],[-3.72336369920135,53.2850896215857],[-3.72321219610694,53.2851268639082],[-3.723117536399,53.2851596887672],[-3.7229855850751,53.2852002421268],[-3.72293396469739,53.2852576087939],[-3.72289211271926,53.2852995558549],[-3.72281900758018,53.2853455499373],[-3.72274107890829,53.2853854125043],[-3.72272295605433,53.2854207243216],[-3.72264523759557,53.2855027346172],[-3.7226293701702,53.2855541910851],[-3.72256606383003,53.2856593593972],[-3.72251728852934,53.2857167745957],[-3.72242490384802,53.2857693382663],[-3.7223593732885,53.2858161205848],[-3.72236736496403,53.2858672329478],[-3.72239532375015,53.2858919931838],[-3.72247139968046,53.2859906521149],[-3.72247138782917,53.2859907304981],[-3.72243630054422,53.2862006533504],[-3.72248098694539,53.2862692095313],[-3.72244294975516,53.2862922278723],[-3.72237865281492,53.2862958535191],[-3.72233560954636,53.2863081599441],[-3.72218895599693,53.2863184581137],[-3.72219395902201,53.2863660186329],[-3.72220764681248,53.2864080605818],[-3.72220970419454,53.2864592587327],[-3.72218875772072,53.2864982071941],[-3.7221105338957,53.2865307935033],[-3.7220098128658,53.2865637049339],[-3.72193289112847,53.2865917782593],[-3.7218985830308,53.286596768158],[-3.72185174065745,53.2865884579923],[-3.72183019976351,53.2865725920438],[-3.72180117816312,53.2865244796657],[-3.72175735862721,53.2864774801303],[-3.72169892341684,53.2864792236084],[-3.72165732646497,53.2864906098847],[-3.72162695823047,53.2865198082233],[-3.72159841368395,53.2865543723217],[-3.72156468134433,53.2865737330968],[-3.72152008100475,53.286584262834],[-3.72137763629619,53.2865854229735],[-3.72132815306922,53.2865852389453],[-3.72133642314553,53.2867541702784],[-3.72135993196685,53.2867789950471],[-3.72138814332056,53.2868100429752],[-3.72114677203994,53.2869258711338],[-3.72113832449845,53.2869773109061],[-3.7211594793913,53.2870174479922],[-3.72115316037336,53.2870849443755],[-3.72107756922664,53.2871830990149],[-3.72108197343679,53.287292770149],[-3.72100087871482,53.2874017893541],[-3.72099517804841,53.2874477065074],[-3.72103999038642,53.2874794137112],[-3.72103457832491,53.2875325167896],[-3.72099671906002,53.2875969626934],[-3.7209064283016,53.2876279253183],[-3.72087768732502,53.2876606949498],[-3.72090213413089,53.2877088727117],[-3.72093307120194,53.2877677418616],[-3.72093182053063,53.2878135956285],[-3.72089580488481,53.2878500644788],[-3.72087069902658,53.287859414255],[-3.72079596414517,53.2878649876774],[-3.72068361184867,53.2878702053309],[-3.72064179680368,53.2878762013198],[-3.72059796838924,53.2879028976467],[-3.72059797338752,53.2879029847762],[-3.7206012579174,53.287947876743],[-3.72060280851682,53.2879864990511],[-3.72061588075148,53.2880132726562],[-3.72068310742624,53.2880455544043],[-3.72077613873519,53.28808285646],[-3.72080397009689,53.2881013278189],[-3.72079602738117,53.2881284040168],[-3.72074058733519,53.2881678502932],[-3.720674025859,53.2882291164118],[-3.72062496755325,53.2882765586384],[-3.72059962437721,53.2883200633391],[-3.72060081005661,53.2883865522795],[-3.72060785227083,53.2884880063018],[-3.72060184126557,53.2885231436556],[-3.72056893987782,53.2885632532384],[-3.72053045212449,53.2885781918686],[-3.7204244436603,53.2885905040882],[-3.72032143246881,53.2886405222334],[-3.72027349099811,53.2887158095078],[-3.72025756393578,53.2888059119168],[-3.72042568465952,53.2887693330414],[-3.72049009385296,53.2887684030407],[-3.72058045369996,53.2887760854402],[-3.7206411324664,53.2887931835446],[-3.72073742277587,53.288837628716],[-3.72092519366981,53.2889176892527],[-3.72120199963544,53.289049399341],[-3.72134793641884,53.2890949239883],[-3.72135862458111,53.2890992627185],[-3.7214223451392,53.2891181144851],[-3.72168210506699,53.2891980328899],[-3.72173797534712,53.2892062136837],[-3.7218631733525,53.2892250749943],[-3.7222776882159,53.2892343626785],[-3.72317822376005,53.2892438115014],[-3.72345330859845,53.2892587064342],[-3.72421048101191,53.2893573976776],[-3.72496446225481,53.2894166765057],[-3.72567041792113,53.2894720622181],[-3.72643841761752,53.2895445193267],[-3.72689510121628,53.2895963200161],[-3.7273082683975,53.2896487489088],[-3.72847856084919,53.2898349826182],[-3.72894869233565,53.2899225295015],[-3.72910050140127,53.2899661628079],[-3.72922607802046,53.2900677849563],[-3.72933024088962,53.2902334383616],[-3.72948659338734,53.2904631327755],[-3.72961351799686,53.2906348358091],[-3.72981425271157,53.2908116695159],[-3.73001972651154,53.2909220174288],[-3.73009951899337,53.2910017450513],[-3.73011574721208,53.2910329652253],[-3.73017593833921,53.2911480282302],[-3.73018083920054,53.2912693769107],[-3.73017286869928,53.2913324041787],[-3.73006429552079,53.2915416784046],[-3.72998067445456,53.2917010692428],[-3.72956772723548,53.2923992755811],[-3.7291564323839,53.2929150135272],[-3.72888447980976,53.2932021534196],[-3.72874900717756,53.2933766779578],[-3.72868343154921,53.2934990504463],[-3.72842917816037,53.2935566630224],[-3.7282515514038,53.2936185561267],[-3.72813985376475,53.2936741007695],[-3.72801929685992,53.2937369630891],[-3.72787164607803,53.2938335621413],[-3.72775130652333,53.2939386625186],[-3.72764785971257,53.2940516071261],[-3.72730066584631,53.2944828247668],[-3.72695125046702,53.2947486145559],[-3.72693366906308,53.2947605527541],[-3.7274025627088,53.2950738012347],[-3.72689536462889,53.2957437067926],[-3.72642704202871,53.2963717043276],[-3.72608518876348,53.2963037679348],[-3.72578122773314,53.2963226389376],[-3.72547735110879,53.2963405199351],[-3.72526265592347,53.2963364376178],[-3.7251072772302,53.2963152298457],[-3.72397542505456,53.2959693221077],[-3.72334074831395,53.2967903363352],[-3.72311188102165,53.2970906125497],[-3.7230976607498,53.2970887971704],[-3.72298138169672,53.2970772088403],[-3.72286456679671,53.297066473205],[-3.72274834297232,53.2970543894001],[-3.72263382108817,53.2970387298284],[-3.72247613150194,53.2970059836538],[-3.7222212489792,53.2969280194522],[-3.72204326363235,53.2968659348799],[-3.72192594707722,53.2968348611792],[-3.72180552446178,53.2968082643126],[-3.7216222194366,53.2967743317908],[-3.72137899492826,53.2967436826924],[-3.7211795535467,53.2967185590161],[-3.72076557674379,53.2966821484569],[-3.72049397987027,53.2966567707781],[-3.71993945277023,53.2965767348404],[-3.71955018514781,53.2965005243677],[-3.71938347116421,53.2964678863805],[-3.71889831170515,53.2963588950446],[-3.718481152359,53.2962837845974],[-3.71788350250976,53.2962080738798],[-3.71716276385461,53.2961360132602],[-3.71656345091189,53.2960808357513],[-3.71622316868827,53.2960382692303],[-3.71606259841724,53.2961749817976],[-3.71577297024058,53.2967665668442],[-3.71567953206844,53.2967287425634],[-3.7159857511098,53.2961549887744],[-3.71605479324608,53.2960295911296],[-3.71603674764114,53.2957165946153],[-3.71596951650345,53.2956598199212],[-3.71588226024794,53.2952986536224],[-3.71583299165284,53.2952374039371],[-3.71575251664279,53.2951874814055],[-3.7156519687483,53.2951552524228],[-3.71542344560501,53.2951129268113],[-3.71525238276817,53.2950812539945],[-3.71516641313803,53.2950653383982],[-3.71514756218551,53.2950618428937],[-3.71504825918198,53.2950434490782],[-3.71502853163685,53.2950397953606],[-3.71493362786621,53.2950222191622],[-3.71490930482178,53.2950177145759],[-3.71476655638466,53.2949912793485],[-3.7148526674224,53.2948131982085],[-3.71468026229307,53.2947828115124],[-3.7144588617808,53.2947432943962],[-3.71425194162099,53.2947094120776],[-3.71408126393329,53.2946813011232],[-3.71382976460098,53.2946395187808],[-3.71371390508403,53.2946201753114],[-3.71370136745187,53.2946180811368],[-3.71368218340976,53.2946148778774],[-3.71348610724738,53.2945819800515],[-3.7133562611488,53.2945618214748],[-3.71322870050315,53.294542528902],[-3.71307018261509,53.2945182872127],[-3.71286715732069,53.2944879425468],[-3.71268102334906,53.2944597461241],[-3.71259395205765,53.2944473686291],[-3.71258610386803,53.2944462228164],[-3.71256631188572,53.2944428213482],[-3.71231855178254,53.2944081741332],[-3.71217142549847,53.2943873635829],[-3.71202654874809,53.2943665205375],[-3.71190582720536,53.2943493758201],[-3.71108889755077,53.294234619354],[-3.71065395226225,53.2941866540997],[-3.71019187120373,53.2941317049315],[-3.70980136230231,53.294084267605],[-3.70860490605113,53.2939435191502],[-3.70832744568045,53.2939123102377],[-3.70756882560904,53.2938199287129]]]},"properties":{"WD24CD":"W05001414","WD24NM":"Glyn","LAD24NM":"Conwy"}},{"type":"Feature","geometry":{"type":"Polygon","coordinates":[[[-3.82334666102442,53.3236957021737],[-3.82447990291452,53.3218664182135],[-3.82454510196975,53.3217754547989],[-3.82650199724805,53.3208761475389],[-3.82601771511287,53.3204691338603],[-3.82597264473019,53.3204311773364],[-3.82645434634233,53.3202521385331],[-3.82651989389054,53.3202043095512],[-3.8265977405118,53.3201285207896],[-3.82664503796237,53.3200765670379],[-3.82680735271188,53.3199032270924],[-3.82697739923981,53.3197370486596],[-3.82738598440403,53.3195302761728],[-3.82998697593496,53.3180358460327],[-3.83023105459062,53.3178819185461],[-3.8303708355633,53.3179202168822],[-3.8310495144062,53.3175349281235],[-3.8315074541548,53.3172213301815],[-3.83162146089504,53.3171144254149],[-3.83176446887665,53.3169476666214],[-3.83190630901133,53.3167190025446],[-3.83285961267793,53.3151085329348],[-3.8336670134761,53.3137341541746],[-3.83390714332363,53.3137691080209],[-3.83532955432835,53.3113028035173],[-3.83683446605619,53.3086662465714],[-3.83695769631049,53.3084233937616],[-3.83734306655202,53.3075067535276],[-3.83765713722454,53.3065381842725],[-3.8378179038753,53.3059478338496],[-3.8378953921249,53.3055132620147],[-3.83795348908078,53.3049441763407],[-3.83797019057855,53.3040422018051],[-3.83993328349784,53.304005640101],[-3.83999205445785,53.3040050282424],[-3.8400072388135,53.3041239360019],[-3.84001427324964,53.3041597878193],[-3.84002274931188,53.3042029892653],[-3.84002387550829,53.3042302298339],[-3.84003736515854,53.3042870638081],[-3.84004175775901,53.3042932351557],[-3.84006547614661,53.3043048799616],[-3.8400748278067,53.3043070101658],[-3.8401104684039,53.3043090134409],[-3.84016346508048,53.3043167542824],[-3.84017785016781,53.3043176201216],[-3.84021583368939,53.3043161709807],[-3.84023655165973,53.3043177212318],[-3.84025999598228,53.3043257831835],[-3.84027369550562,53.3043351372423],[-3.84027375900916,53.3043432453212],[-3.84026796065899,53.3043483602532],[-3.84021854894586,53.3043625628842],[-3.84016645687728,53.3043695788222],[-3.8401502448601,53.3043736947086],[-3.84010828719673,53.3043916210461],[-3.84010301117367,53.3043952715166],[-3.84009885253174,53.3044039661654],[-3.84011141125929,53.3045107004865],[-3.84012617273669,53.3046005983454],[-3.84014252842701,53.3046769595031],[-3.84015489070461,53.3047232744751],[-3.8401734641033,53.3047765148665],[-3.84018979239238,53.3048396700022],[-3.84020183466972,53.3048694661274],[-3.84020866960937,53.3049062559782],[-3.84023224062487,53.3049765903108],[-3.84023665317653,53.3049957879785],[-3.84026772544773,53.305083501264],[-3.84028017819508,53.3051113222182],[-3.84028703510491,53.3051360560191],[-3.84031357641708,53.3051962306534],[-3.84032202935237,53.305222827742],[-3.84036843411744,53.3053243469166],[-3.84038873296264,53.3053604615028],[-3.84040442065014,53.3054020772559],[-3.84042925284365,53.3054507709285],[-3.84044135251483,53.3054696791489],[-3.84046988248625,53.305531414304],[-3.84049467186256,53.3055710825774],[-3.84051546675871,53.3056190743802],[-3.84054012985366,53.3056613876783],[-3.84055245318402,53.3056959621554],[-3.84057737563343,53.3057404650241],[-3.84059179788827,53.3057721932072],[-3.8406046063944,53.3058093223653],[-3.84061858579582,53.3058342428948],[-3.84063016931491,53.3058463805374],[-3.84068599673524,53.3059198848958],[-3.84070848754889,53.305976588853],[-3.84073076358962,53.3060080609504],[-3.84074014572781,53.3060346166965],[-3.84075430234001,53.3060528368612],[-3.84076495904322,53.3060776198662],[-3.84080600440983,53.3061319607098],[-3.8408306177475,53.3061835704644],[-3.84083257321989,53.306186462059],[-3.84084436798794,53.3062038556205],[-3.84086730517603,53.3062308044646],[-3.84090546173142,53.3062957891754],[-3.84091874194817,53.3063100312506],[-3.84096351148911,53.3063668497584],[-3.84096844865922,53.3063731115568],[-3.8409761802555,53.3063829262532],[-3.84099596135188,53.306408377497],[-3.84103380287629,53.3064642870438],[-3.84109798982098,53.3065433259196],[-3.84115904588069,53.3066340103057],[-3.84119571906789,53.3066829885024],[-3.84122717520113,53.3067331530119],[-3.84126490282244,53.306782564413],[-3.84129106665196,53.3068220494804],[-3.84130789655598,53.3068430871541],[-3.84134280883665,53.3068807829658],[-3.8414160547776,53.3069742906947],[-3.84149807139666,53.3070644265234],[-3.84157215260765,53.307134430168],[-3.84159001463173,53.3071553799444],[-3.84164195617816,53.3072044279016],[-3.84169638954322,53.3072496435409],[-3.84172462408015,53.3072779398422],[-3.8417665841793,53.3073060511449],[-3.84179299364414,53.3073316965693],[-3.84182700737562,53.3073603531018],[-3.84185590804998,53.3073978449322],[-3.84188643018971,53.3074154705959],[-3.84190026081963,53.307425397812],[-3.84196639176738,53.3074794407367],[-3.8419915354324,53.3075021748998],[-3.84200364807343,53.3075168214625],[-3.84201517900716,53.307545150928],[-3.84202591517376,53.3075581555824],[-3.84204157276653,53.3075665891808],[-3.84207747032078,53.3075811200933],[-3.84211376734284,53.3076045809697],[-3.84225680014816,53.3077173817883],[-3.84228119104523,53.307733780519],[-3.84230724135756,53.3077542081395],[-3.84235404969209,53.3077941562086],[-3.84238536932208,53.3078153025304],[-3.84242907928483,53.3078484749596],[-3.84249365250605,53.3078907107083],[-3.84259496722767,53.3079607874492],[-3.84265463704052,53.3079968507591],[-3.84267842002513,53.3080141128601],[-3.84274574247197,53.3080546518216],[-3.8428037000528,53.3080868488067],[-3.84290836273154,53.3081367087921],[-3.84298856876019,53.308172832185],[-3.84305843604497,53.3082079735555],[-3.84318305582712,53.3082636111786],[-3.84322775162058,53.3082858451292],[-3.84335459200405,53.3083393625555],[-3.84345732615329,53.3083771781866],[-3.84363543795652,53.3084341281455],[-3.84370679993833,53.3084551675597],[-3.84373848347792,53.3084627868156],[-3.84386050933352,53.3084999892111],[-3.84390629621613,53.3085172255337],[-3.84394590931174,53.3085301701301],[-3.84400945154638,53.3085438954646],[-3.84404698508199,53.3085500307253],[-3.84407781826476,53.3085532399173],[-3.84408279372852,53.3085537563315],[-3.84413241643734,53.308556207496],[-3.84421316888007,53.3085565590603],[-3.84421832364945,53.308556011866],[-3.8443135609096,53.3085459266394],[-3.84433663216029,53.3085421266571],[-3.84436577909393,53.3085344209158],[-3.84444904935346,53.3085172746344],[-3.84449378283684,53.3085027560567],[-3.84451593906556,53.3084989701908],[-3.84458267526917,53.3084819806362],[-3.84461862487094,53.3084684339439],[-3.8446425473027,53.3084624451358],[-3.84467076368708,53.3084519577948],[-3.84472961483756,53.3084233670421],[-3.84476800097992,53.3084102860614],[-3.84482402805109,53.3083799049661],[-3.8448830435421,53.3083523454542],[-3.84491231532151,53.3083336157989],[-3.84495612262163,53.3083125935589],[-3.84498178429672,53.3082947288407],[-3.84502215865534,53.3082741552465],[-3.84504890745611,53.3082547004301],[-3.84508269927912,53.3082381123669],[-3.84510884727099,53.3082186488513],[-3.84513914491194,53.3082021328098],[-3.8451487649813,53.3081968865962],[-3.84515862444295,53.3081884901474],[-3.84517521618373,53.3081743617447],[-3.84518652970327,53.3081680105173],[-3.84520430616289,53.308158035182],[-3.84525886413584,53.3081190101616],[-3.84528340148835,53.3080966587379],[-3.84533041786766,53.3080633961449],[-3.84539194199359,53.3080087553729],[-3.84541686411807,53.3079897602601],[-3.84543362344799,53.3079722129931],[-3.8454696276377,53.3079439394287],[-3.84548360819825,53.3079253024016],[-3.84550657007492,53.3079092324108],[-3.84553885976802,53.3078800993145],[-3.84554958124347,53.3078617644344],[-3.84560194579191,53.3078164441706],[-3.84561162075106,53.3077982063901],[-3.84562516361992,53.3077798638015],[-3.84566809603336,53.3077441470455],[-3.84566816552249,53.3077342748519],[-3.84569016503169,53.3077160800762],[-3.84569969741392,53.3076983659197],[-3.84570683168477,53.3076897778559],[-3.84573330624608,53.3076782473932],[-3.84574248277023,53.3076662024968],[-3.84576383954615,53.3076515507592],[-3.84576987218238,53.3076414334454],[-3.84577337330305,53.3076523112094],[-3.84578753610953,53.3076671324378],[-3.8457880890737,53.3076750801091],[-3.84578487164755,53.3076826096586],[-3.84577551156352,53.3076966621892],[-3.84575612924795,53.3077146366745],[-3.8457431463437,53.3077421315137],[-3.84572003424242,53.3077616740509],[-3.84570674492948,53.307787285709],[-3.84568157539949,53.3078099346895],[-3.84567446865615,53.307829948729],[-3.84566078097036,53.307851197363],[-3.84562423674582,53.307896524553],[-3.84560839496596,53.3079193348308],[-3.84558426995973,53.3079421923777],[-3.84557705208348,53.3079564994238],[-3.84555494643586,53.3079788492405],[-3.84553608107562,53.3080060305295],[-3.84552641341211,53.308016087209],[-3.8454923723034,53.3080421997622],[-3.8454311894502,53.3081030114964],[-3.84538501492431,53.3081432643819],[-3.84535334778632,53.308182663472],[-3.84532009233985,53.3082068129682],[-3.84529499702602,53.3082284088744],[-3.84525318066288,53.3082541741737],[-3.84523832179216,53.3082653270273],[-3.84522673942418,53.3082717093892],[-3.84522274974665,53.3082724723436],[-3.84521153053598,53.3082705692141],[-3.8452084158151,53.3082724783524],[-3.84519778354127,53.308289058752],[-3.84517150576274,53.3083055126153],[-3.84515196750735,53.3083209272352],[-3.845117997479,53.3083372124116],[-3.84507998457831,53.3083589451866],[-3.84505629204841,53.3083803575172],[-3.84503653767587,53.3083886732917],[-3.84499029471885,53.3084137787795],[-3.84496398301084,53.3084242277421],[-3.84493335257492,53.3084511324365],[-3.84489159106326,53.3084715656352],[-3.844860794594,53.308489051267],[-3.84484114849941,53.3085033617217],[-3.84479655986831,53.3085233261828],[-3.84476555145802,53.3085397272673],[-3.84475066763964,53.3085492622284],[-3.84471944829247,53.3085753938376],[-3.84469803069643,53.3085862165447],[-3.84469392454197,53.3085936788977],[-3.84469110986503,53.3086035935536],[-3.84469178061482,53.3086125373119],[-3.84469777109539,53.3086233676185],[-3.844710965226,53.3086338257901],[-3.84472681642755,53.3086512551346],[-3.84474805653532,53.3086652118575],[-3.8447677440394,53.3086755336243],[-3.84477992396242,53.308691014958],[-3.84479088049044,53.3086990084861],[-3.84480041831511,53.3087099547286],[-3.84481762930894,53.3087227151492],[-3.84482509697029,53.3087368219641],[-3.84485360684047,53.3087651672368],[-3.84487119409752,53.3087769059489],[-3.84488892401546,53.3087923014196],[-3.84492247163338,53.3088421000204],[-3.84493567808699,53.3088559742121],[-3.84494479663386,53.3088690306107],[-3.84494906486402,53.3088771635486],[-3.84495317430966,53.3088955386588],[-3.84496541363281,53.3089123945389],[-3.84497367497127,53.3089281971842],[-3.84499623813269,53.3089526428148],[-3.84499948783272,53.3089604768541],[-3.84500157940758,53.308979395614],[-3.8450088843316,53.3089942511125],[-3.84501571676267,53.3090197312199],[-3.8450238622024,53.3090899347073],[-3.84503100388387,53.3091104025477],[-3.84501986316952,53.3091367810161],[-3.84501512303853,53.3091563448672],[-3.84500954991419,53.3091649447011],[-3.84499485366252,53.3091746565981],[-3.84498128517515,53.3091771050323],[-3.84496909693966,53.30917536071],[-3.84496092795865,53.3091686636],[-3.84495922612598,53.3091601763087],[-3.84496534705125,53.3091406090797],[-3.84495985293016,53.3091284136044],[-3.84495993893703,53.3091053436956],[-3.84495047437707,53.3090766049389],[-3.84493712680618,53.3090580670738],[-3.8449296266979,53.3090299811737],[-3.84492165867659,53.3090175003225],[-3.84491005879344,53.3090064241665],[-3.84490411700559,53.3089866299948],[-3.84489368418669,53.3089709418462],[-3.84488813485211,53.3089553759367],[-3.84488102741877,53.3089447517097],[-3.84485490178206,53.3089295849998],[-3.84483484989387,53.3089090741182],[-3.84482545210935,53.3088933699533],[-3.84481568399658,53.3088854389564],[-3.84480340281836,53.3088787515038],[-3.84480090437423,53.3088622303988],[-3.84478380557303,53.3088416288793],[-3.8447679220587,53.3088283264951],[-3.84475752376758,53.308815874234],[-3.84471946711724,53.3087850784672],[-3.84470584519981,53.3087706173318],[-3.84469402374909,53.3087641475095],[-3.84468045186259,53.3087612918077],[-3.84467133329471,53.3087593741147],[-3.84462081955712,53.3087362597389],[-3.84461408171524,53.3087303765489],[-3.84461197596691,53.3087316677307],[-3.84461089845921,53.3087387056589],[-3.8446140376252,53.3087540751162],[-3.84461666142134,53.308766890368],[-3.84462300287362,53.308793870447],[-3.8446322002553,53.3088188555034],[-3.84462800178146,53.3088328820547],[-3.84461757768867,53.308842114285],[-3.8446033882608,53.3088475659814],[-3.84458841783958,53.3088470873039],[-3.84455561317587,53.3088500309853],[-3.84450460232778,53.3088498579758],[-3.84447872091544,53.308853584582],[-3.84444056015969,53.3088632008042],[-3.84436073940539,53.3088903986077],[-3.84431762091916,53.3089079218298],[-3.84425428579656,53.3089408070751],[-3.84422774238247,53.3089525090854],[-3.84414449304534,53.3089990704785],[-3.84408149833545,53.309046478356],[-3.84405584549642,53.3090673544315],[-3.84403848723807,53.3090814765546],[-3.84401755743899,53.3090956179366],[-3.84396874137225,53.3091460339704],[-3.84392250528934,53.3091817832152],[-3.84390775155812,53.3092040999748],[-3.84388822724529,53.3092271737351],[-3.84386961343489,53.3092452529046],[-3.84384628833791,53.3092821852101],[-3.84382971825783,53.3092999720639],[-3.84382023648902,53.3093185393499],[-3.84379065476787,53.3093597128028],[-3.84377311810694,53.309399657187],[-3.84375698393855,53.3094265172836],[-3.84372761395293,53.3094896772102],[-3.8437099004582,53.309517856288],[-3.84368325833025,53.3095903327173],[-3.84366279926121,53.3096349161965],[-3.84363831254775,53.3097135264968],[-3.84362720942165,53.3097404526434],[-3.84362384530813,53.3097578285521],[-3.84361312152964,53.3097768375531],[-3.84360921885532,53.3097925136691],[-3.84359943242538,53.3098130724549],[-3.84358956183509,53.3098661676794],[-3.84356793287498,53.3099274997826],[-3.8435577532914,53.3099901472559],[-3.8435531095341,53.3100596944574],[-3.84355418697328,53.3100867919156],[-3.84354219768962,53.3102366892159],[-3.84354147254317,53.3103135746863],[-3.84353000764918,53.3105543806531],[-3.84353143628044,53.3106631386562],[-3.84352628793016,53.310769750798],[-3.84352665678947,53.3108288279646],[-3.84351621359651,53.3109369244011],[-3.84350782931991,53.3109760979562],[-3.84350993147292,53.3110301138792],[-3.84350672659631,53.3110536275502],[-3.84350809700741,53.3110760276498],[-3.84350475875294,53.3111041103474],[-3.84350849917131,53.3111261231998],[-3.84351075077666,53.3111752462031],[-3.84349731805009,53.3112296371002],[-3.8435101861597,53.3112851228068],[-3.84351139334143,53.3112985083697],[-3.84350584593708,53.311349873583],[-3.84350571977891,53.3114047780047],[-3.84350930689521,53.3114399547155],[-3.84350308533983,53.3114805512319],[-3.84350368468074,53.3114850549923],[-3.84350688094306,53.3115087214409],[-3.84350492893028,53.3115355330869],[-3.84350310912095,53.3115605356816],[-3.84350676726309,53.3116050250255],[-3.84350644139755,53.3116455394006],[-3.84350986208841,53.3116768529447],[-3.84350379632627,53.3117147949754],[-3.84350503244695,53.3117326841243],[-3.84350242360241,53.3117515676742],[-3.84349972087756,53.3118435241113],[-3.84349387607176,53.3118681304245],[-3.84349501660073,53.3118768331808],[-3.8435080089969,53.3118923470307],[-3.84351016465908,53.3118998743744],[-3.84350137809699,53.3119342444438],[-3.84350492485619,53.3119510640164],[-3.84350394890086,53.3119604647536],[-3.84349095845632,53.3120014355953],[-3.84349105730367,53.3120239362573],[-3.84348756683696,53.3120526685891],[-3.8434908679598,53.312074238725],[-3.84349167665773,53.3121100786948],[-3.84348564935602,53.3121440375185],[-3.84349360175912,53.3121690418938],[-3.84349695224209,53.3121952411613],[-3.84349427834452,53.3122098284533],[-3.84348537030014,53.3122264000242],[-3.84348088717313,53.3122415007455],[-3.84348897197759,53.3122709711478],[-3.84348316956226,53.3123087562716],[-3.84349083475013,53.3123340617589],[-3.84349107106648,53.3123430302134],[-3.84347492004125,53.3124071544276],[-3.8434788736762,53.3124334162926],[-3.84347753840252,53.3124609555886],[-3.84346592905652,53.3125329388573],[-3.84346496181849,53.3125968913067],[-3.84345538394632,53.3126456487485],[-3.84345553475565,53.3126683104266],[-3.84344388043345,53.3127632910276],[-3.84343514808711,53.3128661647093],[-3.84342434884537,53.3129106167926],[-3.8434224448945,53.3129476044664],[-3.84340939184215,53.3130156993501],[-3.84340601002676,53.3130469562098],[-3.84339517361598,53.3130978637454],[-3.84339754330779,53.3131284743233],[-3.84339095411509,53.3131535775958],[-3.84339172078646,53.3131849591271],[-3.8433858228833,53.3132146096882],[-3.84338585278396,53.3132369046395],[-3.84337490341038,53.3132771786458],[-3.84335812193675,53.3134510635453],[-3.84335094916523,53.3134762117941],[-3.84335912852629,53.3135005563899],[-3.843359910374,53.3135141732758],[-3.84335688892534,53.3135241809893],[-3.84334298016513,53.3135511684329],[-3.84333837838381,53.3136032382109],[-3.84333964861398,53.3136320228128],[-3.84332008919656,53.3136860408729],[-3.84332351471243,53.313730704615],[-3.84332221582921,53.3137538651694],[-3.84331868688404,53.3137691668952],[-3.8433054190307,53.3137953533],[-3.84330332378746,53.3138038633329],[-3.84330028640802,53.3138333617953],[-3.84330756121754,53.3138496023267],[-3.84330782680934,53.3138630833497],[-3.84330008813949,53.3138883392304],[-3.84328672499883,53.3139151024707],[-3.84328610380861,53.3139337844779],[-3.84327278892279,53.3140198545611],[-3.84327185814705,53.314047378606],[-3.84327556935132,53.3140645282721],[-3.84327511372135,53.3140738130814],[-3.84326780859161,53.3140993769117],[-3.84325760952224,53.3141187463479],[-3.84325397495862,53.31413055256],[-3.84325389452491,53.3141447131866],[-3.84326462562231,53.314168353084],[-3.84326667715643,53.3141860048745],[-3.8432640547876,53.3141955209521],[-3.84324943034778,53.3142184469333],[-3.84324716218113,53.3142448948558],[-3.84323721339078,53.3142725133193],[-3.84323822086301,53.3142812630816],[-3.84324765511716,53.3142971016488],[-3.84324811062313,53.3143059318622],[-3.84323531892894,53.3143341156863],[-3.8432375765323,53.314375713877],[-3.8432300364169,53.3144160340637],[-3.84322506105304,53.3144772075685],[-3.84322002046738,53.3145103869583],[-3.84322469337819,53.3145634461386],[-3.84322030460048,53.3146016499016],[-3.84322296149547,53.3146504249973],[-3.84322116732595,53.3147059934642],[-3.84322670086844,53.3147494109624],[-3.84322089079467,53.3147835462016],[-3.84322968521952,53.3148629275798],[-3.84322592463379,53.3149184994646],[-3.84322823045549,53.3149361293438],[-3.8432384695875,53.3149734327815],[-3.8432366469193,53.3150102214018],[-3.84324809270653,53.3151072363046],[-3.84324314398655,53.3151317478319],[-3.84324285272315,53.3151500741232],[-3.84325383100385,53.3152006984289],[-3.84325291518468,53.3152466878685],[-3.84325887252255,53.3152992417272],[-3.843265639775,53.315402298345],[-3.84327382293155,53.315449369812],[-3.84327617813791,53.3155214518581],[-3.8432888867982,53.3155648483592],[-3.84329674800685,53.315628835145],[-3.84329541217504,53.3156563654435],[-3.84330028394986,53.3156913874332],[-3.84331085221966,53.3157314457298],[-3.84331233506063,53.3157637691296],[-3.84333029408263,53.3158248398932],[-3.8433280024804,53.3158514410042],[-3.84335733620034,53.3159510742291],[-3.84335920191092,53.3159779976606],[-3.8433555974772,53.3160020029481],[-3.84336235515242,53.3160769567019],[-3.84338183675337,53.3161528015985],[-3.8433809827335,53.3161667763954],[-3.84337484065802,53.3161911175764],[-3.84338740073462,53.3162146842392],[-3.84339506798726,53.3162393244221],[-3.84339452769031,53.3163173666843],[-3.84341006598569,53.3163717232946],[-3.84340987577194,53.316380896118],[-3.84340402358367,53.3164004680758],[-3.84342469867991,53.316516893725],[-3.84343533543778,53.3165543528147],[-3.84343608135544,53.3165866426489],[-3.84343986159056,53.3166074771708],[-3.84343982513407,53.3166526169336],[-3.84345210923465,53.3166861488644],[-3.84345187479668,53.3166953403511],[-3.84344661340134,53.3167146874167],[-3.8434603945937,53.3167519540611],[-3.84346081888995,53.3167966371974],[-3.84347023588051,53.3168576961189],[-3.84346955213007,53.316885027544],[-3.8434840906031,53.3169214014522],[-3.84348242153721,53.3169582686429],[-3.84349810072472,53.3169995155788],[-3.84350096835389,53.3170479458389],[-3.84351956462561,53.3170847695073],[-3.84351882410516,53.317115661924],[-3.84353376863479,53.3171611095925],[-3.84353561189018,53.3171969156129],[-3.84354604277147,53.3172250641863],[-3.84355633630487,53.3172670955853],[-3.8435684111394,53.3172999475343],[-3.84358228439106,53.3173592025562],[-3.84360044715147,53.3174037284293],[-3.84360833645008,53.3174373462983],[-3.84362148665301,53.3174745957535],[-3.8436341030616,53.3175067740558],[-3.84364995866296,53.317533643081],[-3.84366018440813,53.317559466379],[-3.84370237402965,53.3176382686395],[-3.84371351016079,53.3176590883577],[-3.84373257669178,53.3176824285688],[-3.84373412984535,53.3176843284389],[-3.84378144896706,53.317751166471],[-3.84385724056033,53.3178272376483],[-3.84392690610193,53.3178855221934],[-3.84400396181174,53.3179383163622],[-3.84405077128609,53.317964059462],[-3.84409429689256,53.3179825803335],[-3.84418096364607,53.3180120942762],[-3.8442568446828,53.3180320566477],[-3.84433204125501,53.3180462399363],[-3.84437214436952,53.3180567585078],[-3.84438207856902,53.3180573510616],[-3.84439356616884,53.3180553214562],[-3.84443190206693,53.3180387801926],[-3.84444506392994,53.3180331016839],[-3.84449269338586,53.3180078671023],[-3.84452172521808,53.3179896806699],[-3.84455618505374,53.3179636788052],[-3.84456249571999,53.3179589243397],[-3.84458622736116,53.3179375924202],[-3.84460005674891,53.317919542196],[-3.84460076700001,53.3179186052319],[-3.84461979623441,53.3179003307432],[-3.8446347884722,53.3178820917185],[-3.84466088822234,53.3178582329034],[-3.84466734920193,53.3178430386123],[-3.84468420329018,53.3178272430601],[-3.8446988391482,53.3178188446987],[-3.84471325665389,53.3178147829367],[-3.84472837687533,53.3178141355285],[-3.84474194506359,53.3178154449934],[-3.84474747241086,53.3178168968065],[-3.84475268737831,53.3178208526961],[-3.84475797783793,53.3178314331148],[-3.84475134322097,53.3178561775726],[-3.84475467351103,53.3178839683727],[-3.84474574099632,53.317926099247],[-3.8447463045263,53.3179398633495],[-3.84474017112982,53.3179556908742],[-3.84475253731172,53.3179789097996],[-3.84474829083229,53.3179883611354],[-3.8447301923686,53.3180059380011],[-3.84473025890739,53.3180109624325],[-3.84473735304023,53.3180247244163],[-3.84473634805511,53.3180292709661],[-3.84472233150588,53.3180478545159],[-3.84471271906573,53.3180693456659],[-3.8446951494987,53.3180856107829],[-3.84468335434422,53.3180895600634],[-3.8446583115059,53.3180926713882],[-3.84459926422905,53.318107627149],[-3.84458310240412,53.3181168492169],[-3.8445799259978,53.3181208270122],[-3.84457908806485,53.3181295963197],[-3.84458304546669,53.3181360709109],[-3.8445992407445,53.3181408548865],[-3.84464054662507,53.3181451426122],[-3.84469964738922,53.3181453522859],[-3.8447245845435,53.3181488413132],[-3.84474491738654,53.3181628839964],[-3.84476792246263,53.3181671760462],[-3.84478548845683,53.3181745009705],[-3.84479797265229,53.3181820033868],[-3.84481205537211,53.3181847972393],[-3.8448129503178,53.3181940611694],[-3.84483284939061,53.3182084881305],[-3.84485219654002,53.3182383146594],[-3.84486320793723,53.3182489144609],[-3.84487323911882,53.3182632423307],[-3.84488225858919,53.3182710644379],[-3.84488515487303,53.3182735764186],[-3.84490054894879,53.318295984332],[-3.84491487888028,53.3183093826539],[-3.84493791504506,53.3183230958033],[-3.84494305540336,53.3183281046785],[-3.84494775079112,53.3183447266424],[-3.84494588320515,53.3183675633895],[-3.84493878568828,53.3183756563801],[-3.84492647619492,53.3183823016779],[-3.84491985721675,53.318384085212],[-3.84489578323127,53.3183870377592],[-3.8448879673289,53.3183871766396],[-3.84487516921614,53.3183849293015],[-3.84486665483553,53.3183817526516],[-3.84485282195772,53.3183722213643],[-3.84483794906159,53.3183671202964],[-3.84483362112024,53.3183656319556],[-3.8448277478721,53.3183617312029],[-3.84482222977252,53.3183580586989],[-3.84481281488729,53.3183538441335],[-3.84480604825115,53.3183508112571],[-3.84478019904642,53.3183366201677],[-3.84477077310834,53.3183314528203],[-3.84475058650524,53.3183166257427],[-3.84472807091443,53.3183080198661],[-3.84470881056192,53.3182965677187],[-3.84469105431186,53.3182886613703],[-3.84468330889518,53.318285212101],[-3.84463681760897,53.3182738287005],[-3.84463627137342,53.3182736951053],[-3.84462385761572,53.3182688706296],[-3.84461848274507,53.3182667781566],[-3.84460575283118,53.3182647185264],[-3.84458313141994,53.3182647986859],[-3.84457526735834,53.3182659092203],[-3.84456684736486,53.3182694466863],[-3.84455994703266,53.3182735836624],[-3.84455805915502,53.3182747159438],[-3.84448571197145,53.3183180972348],[-3.84443785344238,53.3183529997044],[-3.84439885528516,53.3183893563815],[-3.84436745497608,53.3184299197859],[-3.84434053657617,53.3184790263812],[-3.84432570905081,53.3185247724987],[-3.84431691618678,53.3185910485633],[-3.84432774738083,53.3186639794956],[-3.84432794051268,53.3186653250226],[-3.84434182075862,53.3187247056873],[-3.84436481569942,53.3187719346391],[-3.84438118709442,53.318812136873],[-3.84440907011777,53.3188630480818],[-3.84442732784234,53.3188930263755],[-3.84443784464238,53.3189064297815],[-3.84444655472173,53.3189231964503],[-3.84448388514498,53.318970365501],[-3.84450129975281,53.318986359252],[-3.84452687801452,53.3190158467307],[-3.84455394423396,53.3190398002666],[-3.84458209517499,53.3190593138957],[-3.84462826175937,53.319098659712],[-3.84469072031158,53.319170783111],[-3.84470428948892,53.3191815051849],[-3.84473445440769,53.31919932446],[-3.84475361401141,53.3192133043723],[-3.8447709440544,53.319230117488],[-3.84480212096584,53.3192710525904],[-3.84483125352196,53.3192941739805],[-3.84486159997933,53.319321421017],[-3.84491055749607,53.3193697675765],[-3.84492670984304,53.3193808542195],[-3.84495592176375,53.3194051160914],[-3.84498788313822,53.31944021343],[-3.84501441537523,53.3194611724273],[-3.84503956982089,53.3194902168418],[-3.84507026917234,53.3195169369382],[-3.84509770241533,53.3195462517493],[-3.84512289267624,53.3195775161427],[-3.845156290857,53.3196114584542],[-3.84522791701011,53.3196670507946],[-3.84531465037301,53.3197279382527],[-3.84539298929364,53.3197939989711],[-3.84540991667469,53.3198108631701],[-3.84544012755091,53.3198328619395],[-3.84551900463863,53.3199082549445],[-3.84553553837804,53.3199198210647],[-3.84559603802676,53.3199704879682],[-3.84562675614458,53.3199924069183],[-3.84569254271961,53.3200476398307],[-3.84576860015343,53.3201015090813],[-3.84582565993566,53.320148992668],[-3.84590016027179,53.3202036500875],[-3.84593627891413,53.3202265012495],[-3.84599021721756,53.3202663555339],[-3.84604852796385,53.3202982847795],[-3.84610877658415,53.320348325992],[-3.84618173637094,53.3203857101514],[-3.84624766890829,53.3204362926122],[-3.84628322954527,53.3204597726196],[-3.84630347344951,53.3204710204821],[-3.84633427287642,53.3204833275841],[-3.84636189972674,53.3205073529233],[-3.84639773286168,53.3205319254673],[-3.84642549091593,53.320545771984],[-3.84650958121003,53.3205940414221],[-3.8465388222174,53.3206171966599],[-3.84655209333958,53.3206321214993],[-3.84658611279973,53.3206612800383],[-3.84660484531881,53.3206813345613],[-3.84662106007453,53.3206987130591],[-3.84666832065538,53.3207379242422],[-3.84669053646344,53.3207611073064],[-3.84669597611256,53.3207667767329],[-3.84671857995296,53.3208079878917],[-3.84675411920848,53.320846607386],[-3.8467811462544,53.3208702912981],[-3.84680235832839,53.3208855246685],[-3.84689952222023,53.3209434175394],[-3.84705757657278,53.3210279129464],[-3.84716370681221,53.3210806412774],[-3.84721617808399,53.3211045513217],[-3.84730405692932,53.32114037317],[-3.84744302009724,53.3211881812559],[-3.8474752663872,53.3211992744581],[-3.84752705894577,53.3212170924089],[-3.84767084938288,53.3212601658866],[-3.84783489635748,53.3213032849468],[-3.84799895130719,53.3213382406614],[-3.84804026782683,53.3213451251535],[-3.84807124231021,53.3213534644594],[-3.84810182417706,53.3213582767391],[-3.84821086147127,53.3213798983439],[-3.848336103578,53.3213995336244],[-3.84845086258702,53.3214138832593],[-3.84862318011518,53.321430514125],[-3.84875926374818,53.3214366216526],[-3.84881953929034,53.321435417581],[-3.84906781034223,53.3214397945771],[-3.84911491281153,53.3214461035253],[-3.8491591486345,53.3214447973534],[-3.84918532193265,53.3214417484571],[-3.84924717578354,53.3214381553068],[-3.84929057665197,53.3214310814114],[-3.84936660343202,53.3214135855343],[-3.84938239199363,53.3214092682024],[-3.8494169515543,53.3213998141373],[-3.84942985942777,53.3213931141482],[-3.8494500794481,53.3213791266839],[-3.8494649206135,53.3213688726],[-3.84948050644438,53.3213435485834],[-3.8494957456374,53.3213265277836],[-3.84953980462745,53.3212673191117],[-3.84956472880571,53.3212218473388],[-3.84958866103627,53.3211898940435],[-3.84959355289396,53.3211672620695],[-3.84961125099834,53.3211407905082],[-3.84961213234304,53.3211233270954],[-3.84961518283198,53.3211133187787],[-3.84963660031889,53.321085710722],[-3.84964042159457,53.3210688759704],[-3.84965734816004,53.3210367166574],[-3.84967927260047,53.3210135418303],[-3.84970288504853,53.3209446891948],[-3.84971793365956,53.3209215310984],[-3.84972018441254,53.3209100428291],[-3.84975344723517,53.3208234019753],[-3.84977021309039,53.3207864893866],[-3.84977238300801,53.3207686194132],[-3.84977642373127,53.3207568606485],[-3.84977279925218,53.320741444936],[-3.8497886733316,53.3207245311234],[-3.84980257861441,53.3206936862508],[-3.84980482960162,53.3206756082475],[-3.84982103408878,53.3206559203614],[-3.84982279585252,53.3206372925607],[-3.84983876893532,53.3206001045756],[-3.84983985181999,53.3205647387851],[-3.84985901646679,53.3205346933591],[-3.84987676873127,53.3204973339316],[-3.84988099058086,53.3204675472432],[-3.84987936687788,53.3204383366872],[-3.84989390588585,53.3204134693675],[-3.84989154825826,53.3203926309698],[-3.84989840200491,53.3203719733397],[-3.84990019553552,53.3203575524022],[-3.849906434109,53.3203476654394],[-3.84991826521411,53.3203393369158],[-3.84992323688719,53.3203320947065],[-3.84991608090685,53.3203207703204],[-3.84991631215885,53.3203118845341],[-3.84992190449009,53.3203058014083],[-3.84993662329144,53.3202993249989],[-3.84993296253591,53.3202917492029],[-3.84993229426569,53.3202710913739],[-3.8499466840124,53.3202455521068],[-3.84994592034159,53.3202365738719],[-3.84997441205677,53.3202267462854],[-3.84997823322091,53.3202262285197],[-3.84998134428121,53.3202276905961],[-3.84998334658944,53.3202309409168],[-3.84998001197063,53.320245484651],[-3.84998155039031,53.3202498119867],[-3.84999144163271,53.3202573810377],[-3.84999472179485,53.320263794025],[-3.84999505007642,53.3202953351244],[-3.84999082729646,53.3203021881368],[-3.849974185886,53.320316282003],[-3.84997350297585,53.3203251388348],[-3.84997846404547,53.3203370906089],[-3.84997868332997,53.320350491417],[-3.84998612570369,53.3203576759199],[-3.84998889727313,53.320365867842],[-3.84997989367298,53.3203916651899],[-3.84998077821933,53.3204141985901],[-3.84997253073673,53.3204671971811],[-3.84997334421657,53.320484616328],[-3.84996358807179,53.3205148844272],[-3.84996531710894,53.3205375036188],[-3.84995641309694,53.3205767126191],[-3.84995609395629,53.320595021372],[-3.84995041666811,53.3206147617485],[-3.84994661824162,53.3206664866553],[-3.84993810276514,53.3206869093505],[-3.8499280236216,53.3207222079109],[-3.84992690474344,53.3207407718004],[-3.84992308952639,53.3207570490821],[-3.84992283698455,53.3207925188636],[-3.84990644208919,53.3208293268281],[-3.84990265021974,53.3208534341063],[-3.8498910485053,53.3208847736743],[-3.84987936016657,53.3209061266064],[-3.84987466742923,53.3209441195493],[-3.8498636202835,53.3209750909096],[-3.84986137023577,53.3209935374918],[-3.84984041562871,53.3210280248094],[-3.84983829624253,53.3210470627098],[-3.84982842608237,53.3210667152814],[-3.84981797781482,53.321101120549],[-3.84980145003683,53.3211407624347],[-3.84979463904722,53.3211745628907],[-3.84978211390387,53.3211970525519],[-3.84978044012787,53.3212100781667],[-3.84977348651873,53.3212225293951],[-3.84977336662691,53.3212454469666],[-3.84976240159112,53.3212672112025],[-3.84975939108281,53.3212861280709],[-3.84973807835784,53.3213231021867],[-3.84973552090027,53.3213344423812],[-3.84975219829889,53.3213558857721],[-3.84976479972873,53.3213795949474],[-3.84977136528224,53.3213845545313],[-3.84980238902965,53.3213974955413],[-3.84983737325444,53.3214034167934],[-3.84989743724013,53.3214240523601],[-3.8499435715841,53.321437828772],[-3.85002866018976,53.3214760652518],[-3.85004541978381,53.3214931561269],[-3.85006340588172,53.3215004197979],[-3.85007639560561,53.3215105389065],[-3.85009456974319,53.3215211080046],[-3.85013977056497,53.3215535622232],[-3.85015166585541,53.3215647591305],[-3.8501926890106,53.3215901849649],[-3.85023010605682,53.3216259603685],[-3.85026028363278,53.3216439757981],[-3.85027382342926,53.3216633371408],[-3.85030227373662,53.3216868902741],[-3.85030398020936,53.3216996117297],[-3.85030740194939,53.3217065169638],[-3.85032714362165,53.3217127105082],[-3.85033511410909,53.321717171789],[-3.85036072158479,53.3217412994278],[-3.85037282167251,53.3217568802924],[-3.85037585283645,53.321767945],[-3.85037533852642,53.3217820853817],[-3.85037855107598,53.3217900546883],[-3.8503912592935,53.3218044214453],[-3.85039255750377,53.3218125642938],[-3.85039092714374,53.3218172194791],[-3.85038211058737,53.3218292950917],[-3.85037424985837,53.3218478467101],[-3.85036102789696,53.3218611683711],[-3.85034729712136,53.3218679351681],[-3.85034067037463,53.3218685054643],[-3.85032107088269,53.3218656000853],[-3.85031462157119,53.3218602072058],[-3.85030575086349,53.3218401441253],[-3.85029978584451,53.3218126281403],[-3.85029078441221,53.3218041193365],[-3.85027155813376,53.3217695810652],[-3.85025015986402,53.3217424483504],[-3.85022176519827,53.3217326761312],[-3.8502099267487,53.3217214064293],[-3.8501730332057,53.3216987753832],[-3.85014732749109,53.321687298267],[-3.85012874093329,53.321675180292],[-3.85009848808239,53.321662712875],[-3.85009614429495,53.3216626773127],[-3.85009432604834,53.3216626425879],[-3.85008832109824,53.3216650911407],[-3.85008468490775,53.3216737061017],[-3.85008429761331,53.3216952972874],[-3.85007276362112,53.3217330637251],[-3.8500671593406,53.3217892037981],[-3.85006135166487,53.3218083618446],[-3.85004212357109,53.3218438922319],[-3.85001737929608,53.3218761638743],[-3.84998229161676,53.3219168038971],[-3.84996254254977,53.3219444580545],[-3.84993880052358,53.3219985150735],[-3.84993251134976,53.3220370901606],[-3.84993270194885,53.3220508689936],[-3.84994292501655,53.3220838028967],[-3.84996730834582,53.3221393339684],[-3.84998811207368,53.3221652173437],[-3.84999178311496,53.3221730267172],[-3.84999197717939,53.3222045878695],[-3.84999836235775,53.3222574403805],[-3.85001889750006,53.3223097407634],[-3.85004856259015,53.3223596340161],[-3.8500555552668,53.3223758515236],[-3.85009958908968,53.3224378832244],[-3.85012104054768,53.3224769989093],[-3.85014167035817,53.3225075328227],[-3.85018535525985,53.3225531630114],[-3.85022756573792,53.3226018457131],[-3.85027587654838,53.3226492380766],[-3.85030472986612,53.3226734142545],[-3.85035571280959,53.32270933874],[-3.85042442364047,53.322763894277],[-3.85043339133414,53.3227747410113],[-3.85048534998067,53.3228214114217],[-3.8505235490444,53.3228623888284],[-3.8505384725221,53.322876586341],[-3.85055821924205,53.3228953748604],[-3.85056702170183,53.3229013605168],[-3.85058363599971,53.3229126459731],[-3.85064823708076,53.3229495906571],[-3.85071037500864,53.3229750662316],[-3.85075545150894,53.3229882923544],[-3.85081497946732,53.3230009885283],[-3.85084672162511,53.3230048201486],[-3.85086826257725,53.3230057354706],[-3.85087020341296,53.3230061728341],[-3.85089252341524,53.3230112114961],[-3.85090939283746,53.3230214500978],[-3.85093061105619,53.3230343362073],[-3.85100822963052,53.3230729935485],[-3.85102655686289,53.3230797932788],[-3.85105170380355,53.3230835384141],[-3.85106093384793,53.3230862180392],[-3.85107460364712,53.3230960747545],[-3.85109179551898,53.3231037012033],[-3.85110817783162,53.3231162128356],[-3.85116160586777,53.3231295069572],[-3.85119287258256,53.3231466331947],[-3.85121926728147,53.3231528401872],[-3.85128372055457,53.3231814890998],[-3.85130917312364,53.3231884749307],[-3.85136712046063,53.3232111205816],[-3.85145928014613,53.3232551080445],[-3.85147069061421,53.3232585539398],[-3.85149081802745,53.3232614959413],[-3.85154876265711,53.323286155324],[-3.85157535937502,53.323293554863],[-3.85161988539395,53.3233110416453],[-3.85167041029049,53.3233242009657],[-3.85169745434577,53.3233401970356],[-3.851707623497,53.3233441026913],[-3.85172072057399,53.323345580525],[-3.85174328147108,53.3233450774699],[-3.85176279673779,53.3233494853209],[-3.85177816741048,53.3233479880989],[-3.85178719813865,53.3233471017304],[-3.85179939152926,53.3233495555224],[-3.85180835612423,53.3233592784677],[-3.85183480723028,53.3233879327479],[-3.85187378843731,53.3234077440449],[-3.85189323155737,53.3234132587741],[-3.85196195901169,53.3234376067154],[-3.85215119687486,53.3234917465617],[-3.85230463311352,53.3235298014226],[-3.85248427533282,53.3235728072034],[-3.85259500898433,53.3236001164409],[-3.85260291687827,53.3236027715592],[-3.85265451982934,53.3236099533032],[-3.85282414016497,53.3236416968306],[-3.85289846807491,53.3236528497166],[-3.85311755365624,53.323693713549],[-3.85326763472472,53.3237291492509],[-3.85329784389923,53.3237377778661],[-3.85342022434842,53.3237618307855],[-3.85343113796253,53.3237659315005],[-3.85347772138134,53.3237723098547],[-3.85350064789633,53.3237805840932],[-3.85351892883472,53.3237849119476],[-3.8535545191362,53.3237874335323],[-3.85357393668043,53.3237940811371],[-3.85359989587588,53.3237957634559],[-3.85362995542261,53.323801283746],[-3.85364928604371,53.323808696846],[-3.85368500575914,53.3238114321427],[-3.85372880755669,53.3238208383309],[-3.85376599886516,53.3238263466489],[-3.85378667379956,53.3238322105224],[-3.85381027133001,53.3238351791181],[-3.85383495998213,53.3238432281261],[-3.85386168180491,53.3238493396346],[-3.85387186151741,53.3238559060067],[-3.85388280962265,53.3238684208577],[-3.85388965654135,53.3238718835074],[-3.85392031269491,53.323876962929],[-3.85399355993889,53.3238950363123],[-3.85401386194052,53.3239013015065],[-3.85403847911585,53.3239035439934],[-3.85404803792744,53.323905831734],[-3.85405828966694,53.3239095561063],[-3.85406927764445,53.3239202183648],[-3.85406810438351,53.3239322922954],[-3.85407126661868,53.3239380417452],[-3.85408843856027,53.3239462255136],[-3.85412129944585,53.3239564399104],[-3.85412958657697,53.3239571022266],[-3.8542411780291,53.3239975670801],[-3.85430455510096,53.324016207244],[-3.85434601022393,53.3240241213733],[-3.85438868803802,53.3240297599712],[-3.85443693870387,53.324031985589],[-3.85445668825364,53.3240338181983],[-3.85447945519871,53.324036673714],[-3.8545576277868,53.3240668607293],[-3.85460779413933,53.324080366014],[-3.85463886790697,53.3240881447732],[-3.85465273428033,53.324089349614],[-3.85469338797664,53.3240850136164],[-3.85470535088238,53.3240817979576],[-3.85472057908894,53.3240777044399],[-3.85473513999518,53.324078305127],[-3.85474335190365,53.3240820791376],[-3.85475089301839,53.324089774262],[-3.85475994204799,53.3240990012233],[-3.85480538791578,53.3241307218025],[-3.85484754473485,53.324144423449],[-3.85485980871021,53.3241429561586],[-3.85487871578673,53.3241329798446],[-3.85488755408856,53.3241304240796],[-3.85491895247044,53.3241287221754],[-3.85493651151123,53.3241309393814],[-3.85496617223669,53.3241584103223],[-3.85498990328897,53.3241672201615],[-3.85500577898704,53.3241790919093],[-3.85507439951218,53.3242050579532],[-3.85511961758331,53.3242097128284],[-3.85513859241821,53.3242158366514],[-3.85514999115357,53.3242228064918],[-3.85516540780338,53.3242247872804],[-3.85517588752639,53.3242237252899],[-3.85519076262378,53.3242253369143],[-3.85524836086848,53.3242381240131],[-3.8552725203533,53.3242457314528],[-3.85530660417526,53.324249165966],[-3.85532733855389,53.3242498144044],[-3.85533299242895,53.3242503467822],[-3.85535811617399,53.324258721344],[-3.85536746349839,53.3242602840727],[-3.85537647270958,53.3242599371728],[-3.85538886492036,53.324257272153],[-3.85540291025885,53.324257754917],[-3.85544305254955,53.324264124814],[-3.85546748568221,53.3242711166326],[-3.85560406474699,53.3242863159964],[-3.85561781095555,53.3242857875094],[-3.85563387633561,53.3242829934038],[-3.8556600659383,53.3242927447843],[-3.85569099055164,53.3242981162505],[-3.85572422222958,53.3242988668773],[-3.8557536287076,53.3243131980843],[-3.85578645668121,53.3243184859747],[-3.85579944942039,53.324325161253],[-3.85582709586233,53.3243411470284],[-3.85590641109901,53.3243692566638],[-3.85595327885094,53.3243852759903],[-3.85597877057063,53.3243962428306],[-3.85602482181205,53.3244100542834],[-3.85604368722963,53.3244202252026],[-3.8560553855771,53.3244313257329],[-3.85607595499162,53.3244413173021],[-3.85612534289883,53.3244524337153],[-3.85613225522818,53.3244580887998],[-3.85613437301861,53.3244709026717],[-3.85613753613536,53.3244756271856],[-3.8561486693111,53.3244833921912],[-3.85616571265279,53.3244910202804],[-3.85617629803255,53.3244982723828],[-3.85618452883423,53.3245010930529],[-3.85621326762995,53.3245014190022],[-3.85622572252109,53.3245033108912],[-3.8562313438173,53.3245086264566],[-3.85623570044125,53.3245245879767],[-3.85625505516711,53.3245297707442],[-3.85627235882363,53.3245344010707],[-3.85629166281714,53.324544295424],[-3.85632072197125,53.3245502711232],[-3.85632932443542,53.3245536973252],[-3.85633140301461,53.3245552292527],[-3.85636008161357,53.3245763052101],[-3.85639507720017,53.324586207074],[-3.85641290148237,53.3245934903421],[-3.85642720612812,53.3246075529631],[-3.85643841476771,53.3246139412853],[-3.85645050741641,53.324615443225],[-3.85648913572928,53.324612522611],[-3.85651822715711,53.324613706047],[-3.85655332479373,53.3246072802895],[-3.8565679829326,53.3246073488261],[-3.85659347221157,53.3246182526442],[-3.85661631483733,53.3246214571902],[-3.85663423145059,53.3246260239841],[-3.85667063245162,53.3246433926309],[-3.85668393013057,53.324653281517],[-3.85670648382723,53.3246577851148],[-3.8567311882589,53.3246699777115],[-3.8567494477647,53.3246765619194],[-3.8568641646903,53.3247221629738],[-3.85688737380266,53.3247313851181],[-3.85690776819915,53.32473249707],[-3.85691529360102,53.3247342858215],[-3.85691989057401,53.3247353739821],[-3.85694495687828,53.3247541686119],[-3.85698870216867,53.3247750278571],[-3.85701099645308,53.3247856576818],[-3.85710262724808,53.3248293524014],[-3.85720266490938,53.3248667759386],[-3.85722469690043,53.3248755129004],[-3.85724407849186,53.3248864936935],[-3.8572526512311,53.3248888864332],[-3.85727429503495,53.3248893765347],[-3.8572867031512,53.3248919163281],[-3.8573330561973,53.3249088511312],[-3.85735404104369,53.3249190607669],[-3.85738721235589,53.324929817835],[-3.85742404443991,53.324951566703],[-3.85744907497905,53.3249691840849],[-3.85745855010239,53.3249729921818],[-3.85748493308527,53.3249792250335],[-3.85749917026321,53.3249872292639],[-3.8575232426139,53.3250007620737],[-3.85755373226267,53.3250033618995],[-3.85756272997884,53.3250041297846],[-3.85759688860036,53.3250379579515],[-3.85761416870833,53.3250506795262],[-3.85762539980767,53.3250561953509],[-3.85763563760522,53.3250682264724],[-3.85765055854223,53.3250774516783],[-3.85767279552372,53.3250957418235],[-3.85770184441528,53.3251097634732],[-3.85771596622443,53.3251196034516],[-3.85773350077383,53.3251267741661],[-3.8577642429341,53.3251493549591],[-3.85777259569203,53.3251573968595],[-3.85780571051949,53.3251734138908],[-3.85781863838829,53.3251837669064],[-3.85786526184937,53.3252096783865],[-3.85788325154061,53.3252297427588],[-3.85791332528263,53.3252531789924],[-3.85793892270842,53.325270355886],[-3.85796646152198,53.325284176187],[-3.85801665175723,53.3253133762536],[-3.85803840569804,53.3253222701957],[-3.85806133874929,53.3253351463391],[-3.85808886451633,53.3253452089758],[-3.85811929678535,53.3253589212425],[-3.85816549142642,53.3253721901904],[-3.85819444323789,53.3253805134904],[-3.85820807042753,53.3253817306327],[-3.85822768310706,53.3253800496392],[-3.85824032462356,53.3253789716898],[-3.85825318523688,53.3253812076539],[-3.85828545357249,53.3253953587596],[-3.85831658754427,53.325404484111],[-3.85834972753393,53.3254176147354],[-3.85836402201728,53.3254189832855],[-3.8583820610105,53.3254166794992],[-3.85839525238537,53.3254168515741],[-3.85841292168365,53.3254243526956],[-3.85843520610308,53.3254267924374],[-3.85845398270854,53.3254342043815],[-3.85848807057583,53.3254439219622],[-3.85850364590841,53.3254415936104],[-3.85851530286383,53.3254423919114],[-3.85852503775917,53.3254483714551],[-3.85853449107213,53.3254616912651],[-3.8585524614753,53.3254688640334],[-3.85856703188483,53.3254696708773],[-3.85859523034364,53.3254651500488],[-3.85860790429455,53.3254672360526],[-3.85862619362069,53.3254731092738],[-3.858660416804,53.3254759203398],[-3.85872184505378,53.3254641391807],[-3.85872920620399,53.3254638716504],[-3.85873885900183,53.3254665800783],[-3.8587457086522,53.3254714718155],[-3.85875646356925,53.3254839891929],[-3.85877463820883,53.3255107121034],[-3.85877793690015,53.3255192372099],[-3.85882310508525,53.3255631150398],[-3.85882567624058,53.3255687207258],[-3.85885807174426,53.3255933880562],[-3.85889766623755,53.3256340893246],[-3.85892034350154,53.3256517789696],[-3.85897168142097,53.3257011344313],[-3.85899790440604,53.32572301211],[-3.85906444226156,53.3257727959214],[-3.85907762130052,53.3257958208208],[-3.8590873836216,53.3258200407036],[-3.85910745799603,53.3258576388896],[-3.85911508596969,53.3258793927998],[-3.85912016586241,53.3258867484014],[-3.85915494532089,53.325928936068],[-3.85916996116969,53.3259434367337],[-3.85918326207873,53.3259620096481],[-3.85921833042501,53.3259897727548],[-3.85924461481608,53.3260244512556],[-3.85926748673417,53.3260421198234],[-3.85928679899218,53.326065984073],[-3.85929883153134,53.3260964795703],[-3.85931429746498,53.3261147670046],[-3.85933079412911,53.3261463975854],[-3.85934811810663,53.3261704636271],[-3.85935986053647,53.3261932501777],[-3.85936340917772,53.326224093667],[-3.85936947498372,53.3262344365678],[-3.85938280651452,53.3262495657947],[-3.85938051095285,53.3262682559291],[-3.85938407011566,53.3262817304774],[-3.8593910410353,53.326286988881],[-3.85944823664685,53.3264029859833],[-3.85946982994805,53.3264533982264],[-3.85947919803981,53.3264685442738],[-3.85949420268026,53.3264865781651],[-3.859505844786,53.3264970409076],[-3.85951615481358,53.3265162357718],[-3.85954178846877,53.326545260623],[-3.85955732325452,53.3265706490935],[-3.85958464221213,53.3265949188985],[-3.85959749935295,53.3266132919158],[-3.85961233952069,53.326626851312],[-3.85962708338629,53.3266454466357],[-3.85963269895674,53.3266613164333],[-3.85963741819186,53.3266676258004],[-3.85966587055142,53.3266868794512],[-3.8596821889212,53.3267088754321],[-3.85968918527814,53.3267122994524],[-3.85971795493138,53.3267312514731],[-3.85975015943324,53.326762196605],[-3.85976137133952,53.3267793366476],[-3.85978713742163,53.3267941371247],[-3.85981685748731,53.3268169849771],[-3.85982084631229,53.3268247980731],[-3.85982210660036,53.3268468669777],[-3.85984370025264,53.3268668927823],[-3.85989214165215,53.3269027630003],[-3.859965157877,53.3269553850737],[-3.86000864945101,53.3269886174271],[-3.86003253046473,53.327008751375],[-3.86006614663487,53.3270286436222],[-3.86008814872366,53.327038378398],[-3.86010640587461,53.32705453652],[-3.86012158920713,53.3270635505291],[-3.86015422909159,53.3270706651335],[-3.8601612368566,53.3270805617856],[-3.86016138347425,53.3270891090374],[-3.86016856482778,53.3270985085294],[-3.86018120406209,53.3271053056996],[-3.86019863872616,53.3271108414036],[-3.86021432005829,53.3271216366557],[-3.8602312863773,53.3271236555584],[-3.86023535543675,53.3271253721359],[-3.86025007558272,53.3271344383022],[-3.8602675719705,53.3271503655325],[-3.86029510711815,53.3271609489526],[-3.86031243685968,53.3271733906356],[-3.86032647765073,53.3271916911793],[-3.86033396452691,53.3271970673445],[-3.86035493259168,53.327207537402],[-3.86037789845152,53.327211809125],[-3.86041254928543,53.3272261382804],[-3.86047632979628,53.3272694016018],[-3.86049905613875,53.3272778304411],[-3.86051413435145,53.3272864954292],[-3.86054046694811,53.3272922159516],[-3.86055240398096,53.3272994375777],[-3.86059083401808,53.3273167553672],[-3.86059819220728,53.3273212435085],[-3.86061278957153,53.3273350762736],[-3.86063012040006,53.3273427082175],[-3.86064106611295,53.3273502689387],[-3.86066522483758,53.3273577943807],[-3.86067976703638,53.3273669082214],[-3.86070522641417,53.3273784409115],[-3.86077404432791,53.3274001123125],[-3.86079934156669,53.3274113688204],[-3.86081397854324,53.3274205890474],[-3.86084516147116,53.3274335517468],[-3.86092688834029,53.3274619979743],[-3.86095643837929,53.3274695291561],[-3.86100780189574,53.3274921110043],[-3.86102193444819,53.3275018155484],[-3.86103946455892,53.3275091926039],[-3.8610533713925,53.3275185410636],[-3.86107332555948,53.3275246846203],[-3.86108762726491,53.3275341347964],[-3.86112583185708,53.3275514379548],[-3.86115339076724,53.3275666956378],[-3.86119700181127,53.3275798689013],[-3.8612225434602,53.327596389679],[-3.8612604704969,53.3276100741346],[-3.86128644068689,53.3276209154896],[-3.86130575511528,53.3276309886527],[-3.86132883632973,53.3276368676155],[-3.86134577893624,53.3276479936556],[-3.86137455137397,53.3276542153312],[-3.86139301507232,53.3276599235991],[-3.86142778319944,53.3276834834203],[-3.86146252282805,53.3276950059957],[-3.86149568817853,53.3277155521697],[-3.86153701138832,53.3277306669029],[-3.86154936591254,53.327741262177],[-3.86157277225281,53.3277556406101],[-3.86159816233732,53.3277659155881],[-3.86160993814319,53.3277770143401],[-3.8616293507245,53.3277869240995],[-3.86163993823949,53.3277914247134],[-3.8616693086663,53.3277996507593],[-3.86169892061727,53.3278130782696],[-3.86171850220173,53.3278192814754],[-3.86175849950574,53.3278401524799],[-3.86181094398,53.3278627081305],[-3.86185049469155,53.3278740116679],[-3.86188291726242,53.3278778388404],[-3.86191436732891,53.3278851962939],[-3.86196654302282,53.3279067491865],[-3.86197763201354,53.3279086258383],[-3.86200637795531,53.3279097504172],[-3.86204540245287,53.3279227612246],[-3.86207478579526,53.3279267976055],[-3.86211170478178,53.3279366318076],[-3.86214356451267,53.3279389124162],[-3.86215804002512,53.3279482069236],[-3.86217358542924,53.3279513804815],[-3.86220675760095,53.3279641409696],[-3.86224214176667,53.327968730919],[-3.8623409734115,53.3280036966716],[-3.8623927487637,53.3280129482465],[-3.86240114390682,53.3280164132046],[-3.86241526952039,53.3280259468856],[-3.86244819299867,53.3280367873186],[-3.86246522079272,53.3280443428224],[-3.86250635118271,53.3280563946279],[-3.86252175474083,53.3280659622847],[-3.86255071417176,53.3280788783525],[-3.86258173465723,53.3280867098226],[-3.8626022721865,53.3280969255049],[-3.86263022493043,53.3281081042111],[-3.86263431703287,53.3281079324372],[-3.8629787488349,53.3282283518937],[-3.86298278692529,53.3282310757494],[-3.86301134352121,53.3282457690398],[-3.86302813452586,53.3282534000833],[-3.86303413131111,53.3282542054364],[-3.86310471433033,53.3282925424863],[-3.86313321087241,53.3283117137341],[-3.86315710112215,53.3283196024764],[-3.86317670510122,53.3283304439663],[-3.86319437728572,53.3283431316162],[-3.86323697713986,53.3283564997422],[-3.86327479148818,53.3283741139849],[-3.86329877849605,53.328382154019],[-3.86332903852774,53.3284000930093],[-3.863340079045,53.3284032648616],[-3.86337719287288,53.3284220317516],[-3.86338248936903,53.3284264080884],[-3.86341441437226,53.3284391337882],[-3.86343702414571,53.3284520948887],[-3.86346390254665,53.3284585973761],[-3.86347194409682,53.3284618700027],[-3.86348274002604,53.3284697654424],[-3.8635032557785,53.3284801611147],[-3.86352408146427,53.3284811303627],[-3.86353449967859,53.328483116241],[-3.86354791269773,53.3284931733565],[-3.86356884768105,53.3284987168283],[-3.86358364849097,53.3285075386028],[-3.86360596365275,53.3285175285657],[-3.86362539109977,53.3285332723226],[-3.86365914793457,53.3285425441298],[-3.86367697319754,53.3285497813443],[-3.86369535009944,53.328551759745],[-3.86370269857802,53.3285518786838],[-3.8637137441977,53.3285520657236],[-3.86372974296831,53.3285528855943],[-3.86373337721685,53.3285532333694],[-3.86374363114815,53.3285542059197],[-3.86377346732236,53.328582049475],[-3.86380893502666,53.3286054178909],[-3.86382517877852,53.3286135787983],[-3.86383784810575,53.3286241419546],[-3.86385758207976,53.3286334799651],[-3.863880206694,53.3286398870003],[-3.8639093583186,53.3286620145518],[-3.86393186060008,53.3286704372616],[-3.8640073953472,53.328711060808],[-3.86402517924608,53.3287183795286],[-3.86403975892245,53.3287276362261],[-3.86404782693514,53.328731169113],[-3.86407366739527,53.3287376247536],[-3.86408777435074,53.3287436164511],[-3.8641097736681,53.3287618551403],[-3.86412629655026,53.3287705600396],[-3.86414494670181,53.3287774246938],[-3.86419058475775,53.3287891627603],[-3.86424872692332,53.3288135252288],[-3.86427559573126,53.3288191107008],[-3.86433758106649,53.3288441322727],[-3.86436129154228,53.3288571838818],[-3.86438230106254,53.3288627080686],[-3.86440717418882,53.328873493984],[-3.86442996413487,53.3288774889975],[-3.86445426769343,53.3288852002148],[-3.86448070242372,53.3288980474026],[-3.86449519877038,53.3289009134169],[-3.86451197122597,53.3289008760266],[-3.8645406668479,53.3289149464732],[-3.86456213247324,53.328933337264],[-3.86457075582308,53.3289368614364],[-3.86458751838422,53.3289403842536],[-3.86460743122816,53.3289507172437],[-3.86461989377528,53.3289616970944],[-3.86462765680791,53.3289658100735],[-3.86463956600977,53.3289689232798],[-3.86465971312311,53.3289698220282],[-3.86466698229991,53.3289722525931],[-3.86467929841247,53.3289853833506],[-3.86469192053528,53.3289952009821],[-3.86472594461688,53.329014716983],[-3.86475546536486,53.3290194697708],[-3.8647909973766,53.3290422255739],[-3.86480321952101,53.3290449383097],[-3.86483046291258,53.3290470566308],[-3.86484832305483,53.3290574935901],[-3.864872191402,53.3290610761002],[-3.8648805110237,53.3290648657104],[-3.86489402489584,53.3290748132219],[-3.86491546783442,53.3290802855909],[-3.86495941490037,53.3291017860375],[-3.86503898787262,53.3291316656268],[-3.86506365073953,53.3291379686558],[-3.86509476797955,53.3291507425046],[-3.86513075702217,53.3291560863088],[-3.86516351919928,53.3291518342195],[-3.8651809742372,53.3291443782551],[-3.86519494665248,53.3291352326675],[-3.86522716933437,53.3291141416234],[-3.86522945139501,53.3291134406782],[-3.86524108327316,53.3291098515767],[-3.86525629374397,53.3291091193002],[-3.86526520198417,53.3291136638358],[-3.86526784628831,53.3291174792261],[-3.86527039388763,53.3291211432974],[-3.86526977488297,53.3291434393344],[-3.86527178324826,53.3291512652446],[-3.86527911565878,53.3291561760406],[-3.86529713032924,53.3291618907366],[-3.86530139483849,53.3291697982403],[-3.86530185314088,53.3291837436473],[-3.86530849855201,53.3291918386746],[-3.86532127127977,53.3291982196838],[-3.86535383014504,53.3292096134258],[-3.8653738527338,53.3292234866587],[-3.86539617065732,53.3292335212014],[-3.86541191665264,53.3292426516177],[-3.86544413629652,53.3292541854908],[-3.86546685418764,53.3292658139971],[-3.86549946209852,53.3292711026824],[-3.86551514215813,53.3292790654086],[-3.86556369738672,53.3292939667925],[-3.86558111318127,53.3293017854959],[-3.86560533512067,53.329305551123],[-3.86564871534941,53.3293205873421],[-3.86565728694,53.3293222333244],[-3.8656961199418,53.3293252939588],[-3.86571144711629,53.329324137267],[-3.86572945384707,53.3293203764991],[-3.86573388942937,53.3293208465325],[-3.86575190985922,53.3293287546458],[-3.86577212713471,53.3293319445765],[-3.86580585720646,53.3293268141281],[-3.86582111451103,53.3293305940584],[-3.8658454376185,53.3293418377856],[-3.86587093955027,53.3293480915666],[-3.8659719685752,53.3293506827524],[-3.8659822022962,53.3293539389045],[-3.86599115248943,53.3293611617692],[-3.86599981322339,53.3293645054544],[-3.8660321925638,53.3293686828031],[-3.86604608426515,53.3293724840657],[-3.86605504493585,53.3293765063],[-3.86607595146973,53.3293910128756],[-3.86610152761069,53.3293975890894],[-3.86612421775774,53.3294065118984],[-3.86616370001797,53.3294137785643],[-3.866196804214,53.3294149508394],[-3.86622382680602,53.3294181960572],[-3.86625596576437,53.3294247774527],[-3.86626995900229,53.3294298716702],[-3.86629903606656,53.3294354581073],[-3.866333103345,53.3294463065648],[-3.86636866116491,53.3294555224725],[-3.86639366659334,53.3294572798898],[-3.86640684961361,53.329459294186],[-3.86642132174158,53.3294636616887],[-3.86643210286957,53.3294643201006],[-3.86644488465675,53.3294636796116],[-3.86647291981524,53.3294591594977],[-3.86652668220596,53.3294567630559],[-3.8665952454687,53.3294648871208],[-3.86660967731377,53.3294679876323],[-3.86663547847849,53.3294766189364],[-3.86666794972794,53.329488400269],[-3.86667230607939,53.329489806474],[-3.86670031628734,53.3294909054862],[-3.86671919710416,53.3294934059553],[-3.86676999070296,53.3295120926063],[-3.86678945413713,53.3295224322725],[-3.86681567546725,53.3295327740653],[-3.86682949216318,53.3295341670748],[-3.86683742197509,53.3295334945899],[-3.86688257754855,53.3295227999945],[-3.86689833250889,53.329521465645],[-3.86691260186751,53.329522563879],[-3.8669312783009,53.329525885609],[-3.86695645113176,53.3295335377707],[-3.86698176364147,53.3295388862851],[-3.86702163989742,53.3295517293332],[-3.86704826845468,53.3295621096528],[-3.8670732711282,53.3295641456636],[-3.867084939778,53.3295672444139],[-3.86713185972644,53.3295835372515],[-3.86715092368801,53.3295950428303],[-3.86718515926739,53.3296111116409],[-3.86721177166847,53.3296145878087],[-3.86721630421182,53.3296159013358],[-3.86722357452571,53.3296180080874],[-3.86725093290427,53.3296371872022],[-3.86725664746444,53.329648371297],[-3.86726004578285,53.3296653183166],[-3.86726527899316,53.3296706394335],[-3.86730400157631,53.3296831947846],[-3.86732489063852,53.3296873178966],[-3.86733944484852,53.3296925290708],[-3.8673614809423,53.3296974702981],[-3.8673816703484,53.3297082659895],[-3.86740879049738,53.3297182070123],[-3.86742955422347,53.3297373364853],[-3.86743388846059,53.3297389228105],[-3.86746102864198,53.3297407275001],[-3.86747637275206,53.3297444249522],[-3.86749341754808,53.3297461449357],[-3.86749937080254,53.3297483531988],[-3.86750932035163,53.3297560997126],[-3.86752210415807,53.3297613475695],[-3.86753711441604,53.3297598090327],[-3.86756589130509,53.3297509528304],[-3.8675820679335,53.3297517064751],[-3.86759151924083,53.3297545791771],[-3.86759920199244,53.3297592506079],[-3.86760563095572,53.3297723473768],[-3.86760564734716,53.3297789098674],[-3.86759931287224,53.329797537557],[-3.86760506922222,53.3298021132844],[-3.86762111279383,53.3298101329793],[-3.86763197680268,53.3298216230141],[-3.86764915425863,53.3298294721229],[-3.86767237725332,53.3298371726423],[-3.8676872814071,53.3298411106973],[-3.8677002519681,53.3298437574831],[-3.86771068187139,53.3298497793579],[-3.86772803246548,53.3298571223013],[-3.8677443068119,53.3298618300231],[-3.86774764718623,53.3298643848442],[-3.86777732530021,53.3298689366483],[-3.86783039936818,53.3298889266721],[-3.86786876687909,53.329894034639],[-3.86791939882494,53.3298990314724],[-3.86794745345692,53.3299052628276],[-3.86797953702476,53.3299164025967],[-3.86799528891318,53.3299198059166],[-3.86801754352088,53.3299297420801],[-3.86805107361925,53.3299413356534],[-3.86807134666259,53.3299461335483],[-3.86808439377288,53.3299508737798],[-3.86818607564964,53.3299893232492],[-3.86821346050701,53.3299943154122],[-3.86823282853401,53.3300017705321],[-3.86826208050595,53.3300195892386],[-3.86827625883272,53.3300254714527],[-3.86831502973382,53.3300277770513],[-3.86832489853854,53.3300309218502],[-3.86833173780198,53.3300358761472],[-3.86835181870911,53.3300417737923],[-3.86836284195787,53.3300493416007],[-3.86837584450275,53.330054091489],[-3.86841237378166,53.3300597405077],[-3.86843672271555,53.3300670816249],[-3.8684540644589,53.3300697497696],[-3.86847315976753,53.3300768045695],[-3.86850586951434,53.3300833674386],[-3.86852251472453,53.3300903707048],[-3.86858246142837,53.3301064409697],[-3.86864243010989,53.3301168291387],[-3.86867218289101,53.3301258296373],[-3.86870172203867,53.3301299428788],[-3.86874775772171,53.3301469321907],[-3.86877792145028,53.3301519346364],[-3.86881934797894,53.3301624243837],[-3.86883848330484,53.3301693616284],[-3.86894872941503,53.3301903614283],[-3.86899234609939,53.3301966723839],[-3.86903595267809,53.3302123691122],[-3.86908883001003,53.3302189035392],[-3.86910432657928,53.3302223017247],[-3.86912958773639,53.3302240545684],[-3.86916158041168,53.3302293249348],[-3.86916902112746,53.330231545771],[-3.86919501211854,53.3302451810253],[-3.86923369384012,53.3302516231562],[-3.8692573488338,53.3302602605611],[-3.86928808329182,53.3302673216521],[-3.86931959358356,53.3302718623496],[-3.86934516333151,53.3302731158589],[-3.8693685716365,53.3302778284479],[-3.86939733300005,53.3302782318183],[-3.86941472761951,53.3302851962487],[-3.86944531488064,53.330293698017],[-3.86947139718754,53.3302987732365],[-3.86949972477023,53.3302999025854],[-3.86950607563424,53.3303015830955],[-3.86952465478525,53.3303133116638],[-3.86956034925576,53.3303273341803],[-3.869602056749,53.3303298180954],[-3.86965273955444,53.3303476332423],[-3.8696950764601,53.330352489629],[-3.86971237641479,53.3303610647227],[-3.86974797665916,53.3303712139412],[-3.86976805365042,53.3303749537962],[-3.86981592138978,53.3303788783888],[-3.86982566561015,53.3303819171373],[-3.86983542041052,53.3303889742799],[-3.86984408921249,53.3303921467535],[-3.86987670101199,53.3303971465142],[-3.86989494307549,53.3303977326242],[-3.86989930270446,53.3303995522053],[-3.8699193750077,53.3304196630242],[-3.86992629677652,53.3304240945149],[-3.86994054969055,53.3304282402822],[-3.86996185430673,53.3304294885935],[-3.86997271081387,53.3304318626105],[-3.86997756638725,53.3304378098468],[-3.86998047432763,53.3304503863224],[-3.8699864871918,53.330455668133],[-3.87002215088388,53.3304689807809],[-3.87005850199326,53.330475692922],[-3.87007112204697,53.3304847368874],[-3.87009404033056,53.3304936913399],[-3.87011716682794,53.3305060317802],[-3.87015906972197,53.3305174395785],[-3.87018404152028,53.3305290498533],[-3.87024635272349,53.330539409493],[-3.87026896410071,53.330548899138],[-3.87034024744776,53.3305724503441],[-3.87039053326245,53.3305839244177],[-3.87040085122572,53.3305897770067],[-3.87041221298503,53.3305937432952],[-3.87044298660296,53.3306006596377],[-3.87047676114454,53.3306123206284],[-3.87050727037914,53.3306300112037],[-3.87054490920939,53.3306424656432],[-3.87056194102727,53.3306503975355],[-3.87057480896436,53.3306510318467],[-3.87060754301011,53.3306464640588],[-3.8706495784036,53.3306502550202],[-3.87065482287941,53.330651359474],[-3.87066584341356,53.3306595384422],[-3.87067496674526,53.3306634858654],[-3.87070165483017,53.3306686681914],[-3.87072138995895,53.3306707680659],[-3.87074596893605,53.3306788872477],[-3.87076541977529,53.3306827266566],[-3.87078320163019,53.3306906377662],[-3.87079385240236,53.3306934554492],[-3.87080845716265,53.3306925971177],[-3.87082856023602,53.3306873193466],[-3.87084319664728,53.3306861548521],[-3.87085470468491,53.3306876285556],[-3.87086980356194,53.3306966875058],[-3.87088507932897,53.3306998372037],[-3.8709087356917,53.3306981986142],[-3.87093130922177,53.3307002988911],[-3.87094284498714,53.3307013765882],[-3.87095907028903,53.3306977418619],[-3.87097255898667,53.3306947164261],[-3.87098436501597,53.3306951066352],[-3.87098632719534,53.3306963614422],[-3.87098929395889,53.3306982657592],[-3.87100238011083,53.3307145213457],[-3.8710219130443,53.3307209215958],[-3.87104606764818,53.3307327243114],[-3.87107658698969,53.3307382869796],[-3.87109700489088,53.3307515237722],[-3.87112225058703,53.3307556588093],[-3.87113453925423,53.3307602128269],[-3.87115777072785,53.3307732256786],[-3.87116392146049,53.3307878279732],[-3.87116978195745,53.3307937414209],[-3.87118849701151,53.3308003252839],[-3.87121184288062,53.3308036000838],[-3.87122180959276,53.3308069139225],[-3.87123661764187,53.330819618368],[-3.87125554771425,53.3308232231345],[-3.87126299743552,53.3308270169633],[-3.87127608064868,53.3308428590238],[-3.87128181748891,53.3308469763914],[-3.87141881969725,53.3309010512552],[-3.87157211401187,53.3309533510527],[-3.87168934871607,53.3309990872745],[-3.87183518607218,53.3310402122012],[-3.87202805737663,53.3311052856528],[-3.87203611814317,53.331109312578],[-3.87205144051214,53.3311162641983],[-3.87211892981924,53.3311484684058],[-3.87224150913138,53.3312040812258],[-3.87234699006363,53.3312464771639],[-3.87246901899214,53.3312895122904],[-3.87257560756122,53.3313229005717],[-3.87267623257988,53.331357281378],[-3.87278503075133,53.3314068169243],[-3.87291144480077,53.3314470857462],[-3.87302952368054,53.3315027684269],[-3.87313682185743,53.3315523272096],[-3.87324759429382,53.3316126194356],[-3.87337408813503,53.3316546845392],[-3.87353604522839,53.3317177687708],[-3.87362952245451,53.331760352108],[-3.87373994168994,53.3318125583668],[-3.8738457406855,53.3318621400728],[-3.87404770446059,53.3319470704278],[-3.87416831509185,53.3319919241455],[-3.87428865021816,53.3320304890182],[-3.87441052574989,53.3320699285771],[-3.8745639969747,53.3321106695748],[-3.87467173539533,53.3321359468808],[-3.87478480724495,53.3321458571455],[-3.8749267489203,53.3321634046624],[-3.87504831013068,53.3321956564563],[-3.87515312627623,53.3322227772771],[-3.8753035971485,53.3322635644943],[-3.87544928997413,53.3322981335811],[-3.87556603418292,53.3323232685157],[-3.87569044022984,53.3323518789082],[-3.87583656736257,53.3323963297875],[-3.87595015273674,53.3324179179867],[-3.8760624345801,53.3324440216175],[-3.87617590188845,53.3324629144366],[-3.87642752017397,53.3325155946598],[-3.87659608185516,53.3325578937442],[-3.87670109708379,53.3325895051322],[-3.87684225025049,53.332623244943],[-3.87697112098877,53.3326508847706],[-3.87708379859509,53.3326859713078],[-3.87718608906255,53.332723918204],[-3.87728889267117,53.332773544047],[-3.87737570052197,53.3328351086258],[-3.87744039095711,53.3329060112854],[-3.87750911051494,53.3329660624044],[-3.87757360405141,53.3330324730521],[-3.87764437736046,53.3331050778908],[-3.87772060167423,53.3331650107795],[-3.87775511870437,53.3332327921402],[-3.87782656461396,53.3332865071146],[-3.87786542653455,53.3333506240235],[-3.87793999287633,53.3334069868413],[-3.87797206141757,53.3334873928004],[-3.87803398902789,53.3335637326923],[-3.87810575176658,53.3336246343925],[-3.87815820121067,53.3336903349195],[-3.8782033439856,53.3337606454662],[-3.87826029582269,53.3338604371731],[-3.87831144193218,53.3339648152714],[-3.87836298315744,53.334078177155],[-3.87838620605825,53.3341623177835],[-3.87840200369962,53.3342483733194],[-3.8784172482381,53.3343560136257],[-3.87844548705308,53.3344859244052],[-3.87845342516741,53.3345640126542],[-3.87847186917543,53.3346760975892],[-3.8784916562142,53.3347845653636],[-3.87849347218724,53.3348942150933],[-3.87849208921647,53.3349652580759],[-3.87849117984983,53.3350812437314],[-3.87848896703735,53.3352017449205],[-3.87848422657062,53.3352989118379],[-3.87847881475361,53.3353808062802],[-3.87848821455417,53.335457972502],[-3.87849583704539,53.3355288736884],[-3.87849319011502,53.3356053305803],[-3.87850101010247,53.3356807236681],[-3.87850128578229,53.3357894986328],[-3.87850898735125,53.3358621965755],[-3.87851961158272,53.3359672125897],[-3.87853225042505,53.3360497218194],[-3.87855211753196,53.3361258242192],[-3.87859813250659,53.3362158989434],[-3.87864509568809,53.3362933726854],[-3.87874155049281,53.3364374922716],[-3.87878642076835,53.3365015138796],[-3.87882682783819,53.3365665047581],[-3.87887647773429,53.3366367440838],[-3.8789469832454,53.3367372210325],[-3.87901484253243,53.3368116685446],[-3.87908416351282,53.3368851939961],[-3.87916802026034,53.3369477024379],[-3.87926724207776,53.3369838977347],[-3.87941429782174,53.3370490065497],[-3.87949902411629,53.337097117027],[-3.87953489834334,53.3371614598793],[-3.87953743169255,53.3372429595007],[-3.8795669677897,53.3373783334887],[-3.87959485603376,53.337465996395],[-3.87961508141971,53.3375501840046],[-3.87964241733328,53.3376594316608],[-3.87964838317173,53.3377267628614],[-3.87964242014775,53.3377960799943],[-3.87961729986396,53.3378737899494],[-3.87958724181376,53.3379416886578],[-3.87953105501171,53.3380404751494],[-3.87947939420543,53.3381124000431],[-3.87940827190922,53.3382097136366],[-3.87937513225749,53.3382758628191],[-3.87935672649627,53.3383696489833],[-3.87938141541186,53.3384528673111],[-3.87943786642694,53.3385171557689],[-3.87952239461663,53.3385845979184],[-3.87963880434643,53.3386699673072],[-3.8796913020835,53.3387365654344],[-3.87976121946064,53.3387894040623],[-3.87983560056917,53.3388412733203],[-3.87987308853882,53.3389081078545],[-3.8797851610202,53.3389580393093],[-3.87967653424432,53.3389813267259],[-3.87955491178762,53.3390165057939],[-3.87940642856329,53.3390557038522],[-3.87929499771798,53.3391518542658],[-3.8791545721149,53.3392035111192],[-3.87895149745082,53.3392651444322],[-3.87894557263933,53.3393353599017],[-3.87900668135733,53.3393928326953],[-3.87897053810018,53.3394590290404],[-3.87885839393053,53.3394706840579],[-3.87856679521825,53.3394662855044],[-3.87844995028024,53.3394735191381],[-3.87831789700106,53.3395106591409],[-3.87815704659458,53.3395761213588],[-3.87811079292747,53.3395481739715],[-3.87808426908803,53.3395321487291],[-3.87804487292505,53.3395083447559],[-3.87803233598553,53.3394912803538],[-3.87803155199854,53.3394890955331],[-3.87802772835042,53.339484121307],[-3.87801774598182,53.3394714200055],[-3.87798893522564,53.339432205024],[-3.87797457495271,53.3394352395327],[-3.87797206395143,53.3394342937488],[-3.8779675608031,53.3394343646267],[-3.87796451921902,53.339433513498],[-3.87795997658567,53.3394326859951],[-3.87795097028926,53.3394328277497],[-3.87794650662583,53.3394337970072],[-3.87794350452693,53.3394338442585],[-3.87793904086322,53.3394348135156],[-3.87793461668385,53.3394366811531],[-3.87793165406922,53.3394376267846],[-3.87792719040483,53.3394385960413],[-3.87792426727424,53.339440440053],[-3.87791980360938,53.3394414093095],[-3.87789059948026,53.3394529833159],[-3.87785941282606,53.3394595729857],[-3.87783954919979,53.339480182377],[-3.87777289659919,53.3395165405685],[-3.87767489222334,53.3395765180353],[-3.87761441399325,53.3396359048908],[-3.87752920711886,53.3397136608783],[-3.87742551453226,53.3397467575866],[-3.8773367712343,53.3397729951436],[-3.877303214602,53.3397829158967],[-3.87718745208783,53.3397701590296],[-3.87708565654577,53.3397222273377],[-3.87706609681269,53.3397207019879],[-3.87706534010621,53.3397200603182],[-3.87705455641946,53.3397139369544],[-3.87704997430662,53.3397122110362],[-3.87704543166031,53.3397113834986],[-3.87704235060808,53.3397096339656],[-3.87703780796218,53.3397088064277],[-3.87703330478234,53.3397088772705],[-3.8770287621367,53.3397080497322],[-3.87702275789698,53.3397081441887],[-3.8770197163115,53.339707293036],[-3.87701371207187,53.3397073874921],[-3.87700924835749,53.3397083567147],[-3.87700324411768,53.3397084511702],[-3.87699878040295,53.3397094203925],[-3.87699281562797,53.3397104132284],[-3.87698835191279,53.3397113824503],[-3.87698392766225,53.3397132500528],[-3.87698038197094,53.3397140196384],[-3.87683934775141,53.3397030246734],[-3.8767656962302,53.339653524452],[-3.87663897076048,53.3396161162654],[-3.87655288113651,53.3395403566263],[-3.87645472200149,53.3394895533388],[-3.87632534972627,53.3394561267752],[-3.87604721067663,53.3394616259635],[-3.87586364939424,53.3394577578459],[-3.87582130124485,53.3395288280346],[-3.87575887659115,53.3395572100969],[-3.87572573023133,53.3396233582924],[-3.87568685559061,53.339695889538],[-3.87557846121113,53.3397245635337],[-3.87549040860057,53.3397717967128],[-3.87540832062315,53.3398180370711],[-3.87538133551648,53.3398876843235],[-3.87544216160997,53.3399730323839],[-3.87542761880834,53.3400523730871],[-3.87542006871622,53.3401199168584],[-3.87530286376352,53.3401532240808],[-3.8752052514999,53.3401880212665],[-3.87510478882619,53.3402947832637],[-3.87505054686008,53.3403594647698],[-3.87492042555435,53.3403722975576],[-3.87479626909015,53.3403841374775],[-3.87475411090755,53.3404845890169],[-3.87479001250247,53.3405496519933],[-3.87490756765638,53.3405927548855],[-3.87514858985882,53.3406596287938],[-3.87518840244636,53.3406859174033],[-3.87521935412404,53.3407063561144],[-3.87525166087319,53.340792270252],[-3.87523802348921,53.3408586789385],[-3.87512118306519,53.3408708716818],[-3.87490861746171,53.340879165539],[-3.87487307550878,53.3408961820387],[-3.87487281774644,53.3408962643021],[-3.8748725473353,53.3408964348664],[-3.87486816159888,53.3408985346241],[-3.87486250712863,53.3409009213209],[-3.87485033469128,53.3409070693695],[-3.87481429102474,53.340924326576],[-3.87474137106042,53.3409943681752],[-3.8747062238526,53.341067868949],[-3.87464493821476,53.3411458330794],[-3.87459051658124,53.3412259404346],[-3.87444800062693,53.3413560640795],[-3.87438595512292,53.341376289082],[-3.87438167178129,53.3413768553149],[-3.87436966281198,53.341377043964],[-3.87436820110276,53.3413779659268],[-3.87435939143428,53.3413825993218],[-3.87435796913638,53.3413844196663],[-3.87435801201636,53.3413853971057],[-3.87434785696374,53.3413887076278],[-3.87396053751951,53.3413583170525],[-3.87393536667563,53.341350662718],[-3.87386803707418,53.3413004168524],[-3.87386684586101,53.3412150304809],[-3.87386164105291,53.3411306061417],[-3.87382427865009,53.3410664648424],[-3.87378517359111,53.3410456800428],[-3.87362449633686,53.3409455768946],[-3.87352722890639,53.3409310669517],[-3.87352537722582,53.3409300154278],[-3.87352233562019,53.3409291641862],[-3.87351933340803,53.3409292113268],[-3.87351629180256,53.340928360085],[-3.87350977099783,53.3409284624739],[-3.87348367487494,53.3409245696108],[-3.87324953314884,53.3410274523193],[-3.87317068958461,53.341079347901],[-3.87316769828865,53.3411038341957],[-3.87316655121672,53.3411055603048],[-3.87316382469413,53.3411118961133],[-3.87316137387317,53.3411245205984],[-3.87316204343662,53.3411397930991],[-3.87316299939627,53.3411423078796],[-3.87315252137435,53.341228091401],[-3.8730897218498,53.3412973257962],[-3.87300126183268,53.3413444474925],[-3.87288522815216,53.3413793377127],[-3.87279887469845,53.3413940612683],[-3.87267792498838,53.3414241037193],[-3.87243558913615,53.3415010801242],[-3.87207128828472,53.3415581590269],[-3.87195890437393,53.3415690686672],[-3.87184874982713,53.3415503930848],[-3.8717685047348,53.3414629988008],[-3.87169252731457,53.341365688072],[-3.87161703803317,53.3413063631936],[-3.87158879837258,53.3412917730703],[-3.87158841927064,53.3412912459095],[-3.87158209996517,53.3412841530288],[-3.87157747854587,53.3412815285174],[-3.87157281777442,53.3412780056226],[-3.8715620344665,53.3412718817615],[-3.87155745240213,53.3412701556323],[-3.87155132986614,53.3412675546654],[-3.87153612190919,53.3412632982047],[-3.8715328416105,53.3412628614997],[-3.87150998433936,53.3412510520483],[-3.87149241552387,53.3412603877395],[-3.87148492643853,53.3412605052045],[-3.87146999394405,53.3412625374173],[-3.87146703105524,53.3412634828895],[-3.8714641075167,53.3412653267448],[-3.8714596435078,53.3412662957613],[-3.87145087288983,53.3412718273265],[-3.87144948982013,53.3412745460202],[-3.87144656628005,53.3412763898751],[-3.87143859190153,53.3412889885784],[-3.87142266720342,53.3412974507146],[-3.87126319362616,53.3413337245769],[-3.87123867292834,53.3413504727336],[-3.87123801662628,53.3413506817052],[-3.87123359194874,53.3413525490966],[-3.87122770549325,53.3413553384126],[-3.87122328081475,53.3413572058036],[-3.87121889548121,53.3413599715777],[-3.87121312705938,53.3413654560427],[-3.87120878106945,53.3413691201996],[-3.87120731929095,53.3413700421242],[-3.87120268666568,53.3413750502865],[-3.87112507251076,53.3414280606399],[-3.87091508590149,53.341599512295],[-3.87070126549175,53.3419251095885],[-3.87061560429809,53.3420362128024],[-3.87055821014676,53.3420948065506],[-3.87048538921946,53.3421501243309],[-3.87028530358193,53.3422524667546],[-3.86987858444177,53.3424150372255],[-3.86951802560315,53.342557887269],[-3.86944496451488,53.342595233632],[-3.86934365629591,53.3426245881059],[-3.8692185406661,53.3426490230593],[-3.8690072608485,53.3426954844619],[-3.86889383981406,53.3427125439241],[-3.86877279493257,53.3427270256928],[-3.86865297609103,53.3427351951667],[-3.86851032526763,53.3427365300926],[-3.86838620751857,53.3427150997566],[-3.86827670877172,53.3426844504385],[-3.86818005291828,53.3426383170165],[-3.86804230724166,53.3426144027063],[-3.86792542097968,53.3425865657116],[-3.86780182323056,53.3425426517096],[-3.86762556707984,53.3424968648001],[-3.86749449434921,53.3424881283054],[-3.8673009616395,53.3424938540593],[-3.86711592549289,53.3424877596062],[-3.86705090414985,53.3424770595037],[-3.86684207827501,53.3424006677202],[-3.86664338275707,53.342384248215],[-3.86656403133026,53.3423642417705],[-3.86642717044778,53.3422917659697],[-3.866368529202,53.3422148301985],[-3.86634410673858,53.3421096701221],[-3.8662502995708,53.3420598945908],[-3.86613042904482,53.3419925943403],[-3.86606641721258,53.3419659477193],[-3.86586219815574,53.3418893112439],[-3.86576071139664,53.3418562867049],[-3.86564860667311,53.3418346655855],[-3.86553278313805,53.3418310824835],[-3.86535928855656,53.3418140168702],[-3.86524492702123,53.341809511635],[-3.86512953496562,53.3418158103854],[-3.86501244565565,53.3418176405576],[-3.86489899710491,53.3417996357382],[-3.86462645526828,53.3418191779967],[-3.86450296929708,53.3418121176401],[-3.8643951727349,53.3417859330383],[-3.86429571678234,53.3417443350482],[-3.86412508023693,53.3416894650495],[-3.86397406467868,53.3416711472499],[-3.86385684228935,53.3416251516432],[-3.86373738112872,53.3416104760435],[-3.86360802064856,53.3416064732198],[-3.86343406560735,53.3415891423154],[-3.8632569358593,53.3415575666571],[-3.86314278249358,53.341537143892],[-3.86302618838027,53.3415261986111],[-3.86290525669759,53.3415156805364],[-3.86278528570963,53.3414927411641],[-3.86266402519994,53.3414746763936],[-3.86253743902996,53.3414584926281],[-3.86240314628407,53.3414309218374],[-3.86227961757243,53.3413849332354],[-3.86211487219751,53.3413169329816],[-3.86201171506476,53.3412730534849],[-3.86189143340946,53.3412395098942],[-3.86177757477472,53.3412465006839],[-3.86166097710831,53.341207864992],[-3.86158574047103,53.341156627226],[-3.86151408461232,53.3411013779589],[-3.86145597790563,53.3411640456341],[-3.86142215658676,53.3412290314208],[-3.86125590914051,53.3412161620153],[-3.86113207323673,53.3412010126685],[-3.86100907157637,53.3411843218861],[-3.86089907541525,53.341155831074],[-3.86080855571411,53.3411054604768],[-3.86076026265113,53.3410416655416],[-3.86061479234444,53.3410712635416],[-3.86048841103589,53.3410976869285],[-3.86032902153226,53.3411043074616],[-3.86016632651377,53.3411178116963],[-3.85991700927967,53.3411221476892],[-3.85979134167053,53.3411235670684],[-3.85966282651438,53.3411147821212],[-3.85946031547687,53.3410443381179],[-3.85942931215171,53.3410335532232],[-3.85927193368344,53.3409498196108],[-3.85910868102137,53.3409110382015],[-3.85910853156657,53.3409109865903],[-3.85907511610401,53.3409025172482],[-3.85906520600208,53.3409007100393],[-3.85904100889196,53.3408949621672],[-3.85894005579944,53.3408322791424],[-3.85893985194897,53.3408318058496],[-3.8589397737814,53.3408300090722],[-3.85893476234807,53.3408184001784],[-3.85893460601345,53.3408148066236],[-3.85892828888671,53.3408077130594],[-3.85892674868882,53.340806838057],[-3.85892370737667,53.3408059864408],[-3.85892212809557,53.3408042130496],[-3.85890996284877,53.3408008065839],[-3.85888871275418,53.3407957436547],[-3.85887809860928,53.3407938080542],[-3.85887204835424,53.3407900519035],[-3.85875387557864,53.3407774450478],[-3.85874132040092,53.3407809588295],[-3.85873485660569,53.3407810595206],[-3.85871988454838,53.340782191747],[-3.85871391917256,53.3407831836703],[-3.85870206657739,53.3407869642937],[-3.85869617935754,53.3407897529937],[-3.85869025305851,53.3407916433046],[-3.85868436583722,53.3407944320041],[-3.85867843953697,53.3407963223145],[-3.8586720635972,53.3408003421618],[-3.8585453436899,53.3408358081801],[-3.85832448332532,53.3408366994537],[-3.85808617870914,53.3408726882249],[-3.85790515559275,53.3408911837323],[-3.85762125274825,53.340918044725],[-3.85747093871849,53.3409222295053],[-3.8573561266344,53.3409160237491],[-3.85734156306107,53.3409226504069],[-3.85733058166738,53.3409242912026],[-3.85732315416681,53.3409262048121],[-3.85731722778561,53.3409280950552],[-3.85731134045318,53.3409308836873],[-3.85730695424024,53.3409336489533],[-3.85730106690633,53.3409364375849],[-3.85727462972258,53.3409531047598],[-3.85725539078972,53.340961858389],[-3.85718262790037,53.3410367671384],[-3.85711774968835,53.3410921869267],[-3.85701291120397,53.3410790633496],[-3.8568941167982,53.3410403349727],[-3.85675379062989,53.3409788867576],[-3.8566528363551,53.3409251252951],[-3.856647172586,53.3409271139039],[-3.85663440036758,53.3409221802664],[-3.85661480951392,53.3409172709158],[-3.85660818897093,53.3409170143315],[-3.85660117664317,53.3409181123384],[-3.85659347230584,53.3409205696079],[-3.85658595711348,53.3409239229308],[-3.85657920809375,53.3409276239308],[-3.85657277881379,53.340931769454],[-3.85656727362523,53.3409364399966],[-3.85656253460939,53.3409414582166],[-3.85655871187856,53.3409468217784],[-3.8565559438352,53.3409522588295],[-3.85655408036754,53.3409577717056],[-3.85655383311529,53.3409598944887],[-3.85654659363239,53.3409624371189],[-3.85655463319072,53.3409728464761],[-3.85655614780331,53.3409776972715],[-3.85655944670176,53.3409844783201],[-3.85656348835608,53.3409910680124],[-3.85656843068558,53.3409976436906],[-3.85657365762785,53.3410038553413],[-3.85658384039952,53.3410134959697],[-3.85658913264518,53.341017511253],[-3.85661299176226,53.3410483990376],[-3.85668670416218,53.3411535836354],[-3.85669244301231,53.3411625526306],[-3.85669359205381,53.341164348028],[-3.85661199143632,53.3412914773214],[-3.85652179171524,53.3413935684298],[-3.8565047342412,53.3414039628234],[-3.85641208067464,53.341454355647],[-3.85627945475403,53.3414803071135],[-3.85626871973735,53.3414835432918],[-3.85626129914381,53.3414830258384],[-3.85625071310387,53.3414813925284],[-3.85623420055662,53.3414816494071],[-3.85623123730236,53.3414825945018],[-3.85622823502094,53.3414826412067],[-3.85622527176648,53.3414835863013],[-3.856219384284,53.34148637488],[-3.85621785305748,53.341488229957],[-3.85621499794168,53.3414891401061],[-3.85621357485419,53.3414909602379],[-3.85621211273987,53.3414918819799],[-3.85620926656431,53.3414955222433],[-3.85620788250295,53.3414982407648],[-3.85620645941485,53.3415000608965],[-3.85620654051211,53.3415019277504],[-3.85618643560123,53.3415262706922],[-3.85618084139942,53.3415330444546],[-3.85610718548008,53.3415829302391],[-3.85599508309022,53.3416074662516],[-3.85586826035685,53.3416124486855],[-3.85586393109916,53.3416158027523],[-3.85586149279524,53.3416160033945],[-3.85585552723144,53.3416169951756],[-3.85585106281321,53.3416179636087],[-3.85584809954065,53.341618908694],[-3.85583482334077,53.3416245091616],[-3.85582751270382,53.3416291178484],[-3.85581885699297,53.3416373434417],[-3.85581739486492,53.3416382651789],[-3.85581454864552,53.341641905433],[-3.85581174144404,53.341646444077],[-3.85580889522362,53.341650084331],[-3.85580608802101,53.3416546229749],[-3.85580478196515,53.3416591382715],[-3.8558019747615,53.3416636769153],[-3.85580198026307,53.3416638035883],[-3.85579349178072,53.3416703805156],[-3.8557711644548,53.3418215470525],[-3.85575635606674,53.3419037964255],[-3.85567348382262,53.3419515156614],[-3.8555529782074,53.3419138842346],[-3.85550370470269,53.3418787193629],[-3.85549863072885,53.3418733656277],[-3.85549397121531,53.3418698420975],[-3.8554893507144,53.3418672169572],[-3.85548644775321,53.3418664035569],[-3.85548024228407,53.3418619754024],[-3.85544066243704,53.3417983755356],[-3.85542455931765,53.3417262144513],[-3.85545004300333,53.3416538669882],[-3.85550743608962,53.3415918427439],[-3.85536813768022,53.3415484206852],[-3.85536784737434,53.3415484117143],[-3.85536734126947,53.3415481723597],[-3.85536259014941,53.3415482462358],[-3.85533561509711,53.3415473971884],[-3.85531776419208,53.3415525688877],[-3.8553119939864,53.341553527937],[-3.85516936632647,53.341589907405],[-3.85507200683756,53.3416309769161],[-3.85492813071582,53.3416386076099],[-3.85481318557257,53.3416206165116],[-3.85472424728256,53.3415788471517],[-3.85465365423194,53.3415098226891],[-3.85458206716857,53.3414525005906],[-3.85445612525531,53.3414125611641],[-3.85443767731291,53.3414067113235],[-3.85443764060318,53.3414067307729],[-3.85443721884181,53.3414065656194],[-3.85443288893037,53.3414071723103],[-3.85442692336068,53.34140816402],[-3.8544209967792,53.3414100541199],[-3.85441653234852,53.3414110224994],[-3.85441210690595,53.3414128892693],[-3.85440621931129,53.341415677759],[-3.85440179386775,53.3414175445285],[-3.85438717234572,53.3414267617274],[-3.85436535701273,53.341443282694],[-3.85436493010185,53.3414438296254],[-3.8543619306022,53.3414453595843],[-3.85434838068556,53.3414583979404],[-3.85434219646869,53.3414634205477],[-3.85430330591439,53.3415036140309],[-3.85429901012676,53.3415080535072],[-3.85418252686862,53.3414992581704],[-3.85417550664523,53.341494742822],[-3.85413661800894,53.3414684131834],[-3.85412271790881,53.3414596392112],[-3.85411284645996,53.3414537010017],[-3.85409548771085,53.3414421066779],[-3.85402355051756,53.3413916508338],[-3.85394830372952,53.3413021634024],[-3.85394508314485,53.3413010905953],[-3.85393347901229,53.3412872753168],[-3.85392416037607,53.3412802281315],[-3.85391954003674,53.3412776029294],[-3.85391341856267,53.3412750010503],[-3.85390883720196,53.3412732742385],[-3.85390271572917,53.3412706723589],[-3.85389817334651,53.3412698439375],[-3.85389205187487,53.3412672420573],[-3.85387688461746,53.3412638817233],[-3.85385736986299,53.3412641849182],[-3.85385290543424,53.3412651532766],[-3.85384205963221,53.341266773662],[-3.85384105368245,53.3412664386823],[-3.85372892590452,53.3412548036357],[-3.8537082409417,53.3412404587602],[-3.85364407777239,53.3411953613043],[-3.85363148459678,53.3411844372513],[-3.85357875173478,53.3411390012737],[-3.85353957168442,53.3411018160983],[-3.85350109561752,53.3410653445661],[-3.85348207224254,53.3410446979491],[-3.85347333859109,53.341033714827],[-3.85346070609408,53.3410195271121],[-3.85344815154006,53.3410071361777],[-3.85344451423928,53.3410039356133],[-3.85343624001544,53.340994955508],[-3.85342160597527,53.3409853226286],[-3.85342011813678,53.340984197721],[-3.85340302126424,53.3409709783417],[-3.85338446224372,53.3409586806675],[-3.85336906134396,53.3409499299218],[-3.85336358329526,53.3409471301309],[-3.85335598794491,53.3409421301201],[-3.85326595946133,53.3408998516192],[-3.8531550102009,53.3408253426198],[-3.85315396887756,53.3408257849167],[-3.85312695637346,53.3408053558185],[-3.85312533837404,53.3408026839583],[-3.85312218029575,53.3407991370201],[-3.85311447990135,53.3407947616302],[-3.85311143870377,53.3407939098653],[-3.85310835854664,53.3407921597091],[-3.85310531734936,53.340791307944],[-3.85310231511176,53.34079135457],[-3.85309927391466,53.3407905028048],[-3.85309627167708,53.3407905494307],[-3.8530796035341,53.3407872123068],[-3.85306679472388,53.3408035931619],[-3.85306406519651,53.3408099285253],[-3.85306160837929,53.3408225526271],[-3.85306034101148,53.3408279662867],[-3.85305911260203,53.3408342783375],[-3.85305768939894,53.3408360984324],[-3.85305052282424,53.3408697701571],[-3.85304977207714,53.3408700892728],[-3.85302958728064,53.3408898884828],[-3.85302561798122,53.3408932332592],[-3.85300964744933,53.3409094483479],[-3.85298958649183,53.340929125162],[-3.85299116541296,53.3409357109612],[-3.85299124546247,53.3409665857423],[-3.85299941336732,53.3409817418344],[-3.85300103136594,53.3409844136962],[-3.8530033800668,53.3409864080544],[-3.85300572507738,53.3409961113622],[-3.85289741572202,53.3410113016244],[-3.85286565116206,53.3410022861981],[-3.85276589773868,53.340974824559],[-3.85271077740143,53.3409394985324],[-3.8526584309513,53.3409060631525],[-3.85263707495547,53.3408886665344],[-3.85258665672321,53.3408469007546],[-3.85257689525815,53.340840441993],[-3.85257440283167,53.3408383887264],[-3.85249260922476,53.3407603671675],[-3.85244042403509,53.3407000456125],[-3.85238669893796,53.3406388489459],[-3.85231979682577,53.340550886933],[-3.85241838856476,53.3404342848597],[-3.85247270102408,53.3404397346321],[-3.85246190221088,53.3404123930037],[-3.8524116476975,53.3403480858811],[-3.85240213832406,53.3402673238584],[-3.85233316920697,53.3402009698511],[-3.85227786593799,53.3401379996469],[-3.85222710505779,53.3400758579018],[-3.85211220421182,53.340058762563],[-3.85196168815702,53.3400170480145],[-3.85183992671203,53.3399802809864],[-3.85173633427209,53.3399468278537],[-3.85164870898912,53.339900540904],[-3.8515145282471,53.339889138165],[-3.85138685790784,53.3398893212065],[-3.85127211356942,53.3398758186223],[-3.85115680254527,53.3398839011428],[-3.85104502197368,53.3398694540376],[-3.85095571288197,53.3399229817879],[-3.85083909523672,53.3399355794285],[-3.8507188139214,53.3399329508738],[-3.85059909998413,53.3399087374967],[-3.85049254580575,53.3398762288697],[-3.85037813627918,53.3398357510549],[-3.85027458461155,53.3398031956568],[-3.85014843912057,53.3397691926551],[-3.85003812136021,53.3397538229274],[-3.84993195689817,53.3397302977203],[-3.84988120013696,53.3396681552619],[-3.8497397724037,53.3396280958898],[-3.84962775965769,53.3396082570979],[-3.84957938350975,53.3395316936715],[-3.84947836876254,53.3394883103114],[-3.84933918174564,53.3394652966442],[-3.84923409182429,53.3394318652182],[-3.84911664367596,53.3393905343377],[-3.84892745556155,53.3393575074275],[-3.84881969446071,53.3393317585119],[-3.84864206842257,53.3392882134858],[-3.8485324762922,53.339254851235],[-3.8484506661897,53.3392039774174],[-3.84838213267395,53.3391475038241],[-3.84827992983416,53.3391113298478],[-3.84816879853348,53.3390770921279],[-3.84802390605961,53.3390262965094],[-3.84789995098158,53.3389733783413],[-3.84779289621578,53.3389291881736],[-3.84767587810211,53.3388977381907],[-3.84756067192162,53.3388734519878],[-3.84747901906712,53.3388261710696],[-3.84738847662101,53.3387817247743],[-3.84729658865211,53.3387408952323],[-3.84714773884795,53.3387027457968],[-3.84704134561261,53.3386738276404],[-3.8469159939396,53.3386163452296],[-3.84679164166717,53.3385958858055],[-3.84666935861588,53.3385815972797],[-3.84657304628452,53.3385426336858],[-3.84647400376225,53.3385100052473],[-3.84633427814799,53.338474410543],[-3.84621114177594,53.3384403568788],[-3.84611340676262,53.338403212934],[-3.84600524229828,53.3383680283237],[-3.84590620061376,53.3383353994107],[-3.84573754372634,53.3382976446945],[-3.84559495849625,53.3382584075154],[-3.8454710205921,53.3382405474069],[-3.84538929907583,53.3381846358137],[-3.84531306680555,53.3381306170261],[-3.84514030920812,53.3380604712253],[-3.84501955647938,53.3380119955687],[-3.84491262345625,53.3379704979788],[-3.84477468471743,53.3379762275868],[-3.84469588361134,53.337925304732],[-3.84455693686106,53.3379076758268],[-3.84446577906429,53.3378488529781],[-3.84417512648478,53.3378346484333],[-3.84398694412337,53.3378211963385],[-3.84387482246482,53.3377986569346],[-3.84376239086813,53.3377689302646],[-3.84365265141689,53.3377319699222],[-3.8435826256515,53.3376755167383],[-3.84346139252925,53.3376854815802],[-3.84335650531503,53.3376565369191],[-3.84326138913229,53.3376103602716],[-3.84316500461283,53.3375695971158],[-3.84308612870068,53.3375168763967],[-3.84301741134526,53.337455907704],[-3.8428974762344,53.3374262961865],[-3.84278578227409,53.3374136381028],[-3.84258119071004,53.3374410718774],[-3.84242819515629,53.3374110716493],[-3.84230099720419,53.3374220264555],[-3.84221057930597,53.3373802713853],[-3.8420844473498,53.3373462598075],[-3.84194692708385,53.3373268078783],[-3.84185943429882,53.3372832093858],[-3.84170957008737,53.3371968828867],[-3.84166993380519,53.3371728625127],[-3.8416577322917,53.3371685559542],[-3.84154738551366,53.3371522799465],[-3.84145619478593,53.3370925563798],[-3.84128991611783,53.3370330930157],[-3.84118052900155,53.3370042159489],[-3.84106152518174,53.3369961640836],[-3.84094417717712,53.3369916825158],[-3.84084317722187,53.3369482917874],[-3.84072455255504,53.3369141629265],[-3.84055944406317,53.3369167110495],[-3.84043659528195,53.3369240007891],[-3.84031755312902,53.3369150497841],[-3.84017857272466,53.3368965173663],[-3.84000950275718,53.3369117117559],[-3.83990882792034,53.3369456286522],[-3.8397900951774,53.3369438642936],[-3.83966247961447,53.3369799945455],[-3.83955556836924,53.3370086133738],[-3.83938103502698,53.3370364770326],[-3.83926161291587,53.3370536016302],[-3.83912298705577,53.3370782141786],[-3.83897354483545,53.3370958013977],[-3.83886705799342,53.3371343019766],[-3.83876187870328,53.3371682873345],[-3.83863368185521,53.3371909405332],[-3.83851433627965,53.3372098611782],[-3.83835061751848,53.3372447485424],[-3.83824717036756,53.3372841006946],[-3.83815118940012,53.3373224386931],[-3.83803121932091,53.3372919238751],[-3.83791937253294,53.3372756676406],[-3.83776418994715,53.3372645740242],[-3.83763672072544,53.337269235077],[-3.83748719061042,53.3372743257743],[-3.83737435442007,53.3372804691878],[-3.83725550492901,53.3372760071159],[-3.8371329633825,53.3372904806372],[-3.83703852098847,53.3373296930198],[-3.83690654845975,53.3373344226512],[-3.83675421346974,53.3373196878945],[-3.83664525326079,53.3373006890392],[-3.83653190594786,53.3372844546168],[-3.83638734409304,53.3371954328425],[-3.83628187739695,53.3371633444835],[-3.83616857338542,53.3371830687421],[-3.83606046693699,53.3372188947364],[-3.83597214347027,53.3372607090427],[-3.83590545131881,53.337316574182],[-3.83585312095077,53.337427056731],[-3.83576495119393,53.3374724644763],[-3.83565092435617,53.3375803005682],[-3.83556290839508,53.3376293017569],[-3.83549329025637,53.3376870096634],[-3.83541889880905,53.3377384980393],[-3.83535324680546,53.3378186196202],[-3.83527658587387,53.3378872236696],[-3.83519187950081,53.3379433655758],[-3.83508716688673,53.3379934413861],[-3.83507745480417,53.3379980588057],[-3.83506158298803,53.338001068307],[-3.83498280114557,53.3380280922581],[-3.83489614568382,53.3380578821209],[-3.8348064660159,53.3380907390546],[-3.83474051846689,53.3381079965344],[-3.83462251594141,53.3381377640712],[-3.83445346997967,53.3381791451915],[-3.8343251555167,53.338198998094],[-3.83417527147535,53.3382162869564],[-3.83403921838855,53.3382176242761],[-3.83390908926914,53.3382099298707],[-3.83376859180489,53.3381763311978],[-3.83366061030825,53.3381405962325],[-3.83363429056936,53.3381335285076],[-3.83354506942199,53.3381044433968],[-3.83339277164495,53.3380906030524],[-3.83324797911094,53.3380766471392],[-3.83312208353858,53.3380480167144],[-3.8330070420935,53.3380273102457],[-3.83291074356756,53.3379883357663],[-3.8328016150499,53.3379445986592],[-3.83274147414645,53.3379204941281],[-3.83272480722608,53.3379168028005],[-3.83272288125139,53.3379157077613],[-3.83271976363201,53.3379130586997],[-3.83271221984796,53.3379087695768],[-3.83270598474938,53.3379069775171],[-3.83267265403393,53.3379002978128],[-3.83265452617794,53.3378978794238],[-3.83264998458377,53.3378970502262],[-3.83262034452654,53.3378936679271],[-3.83250444516324,53.3378680000439],[-3.83223133491858,53.337759642763],[-3.83213483462442,53.3377250057023],[-3.83199072622862,53.3376280824521],[-3.83189134720042,53.3375412319618],[-3.83180323511353,53.3374326891713],[-3.83156697126157,53.3371927031808],[-3.83150737054216,53.3371052414294],[-3.83146275654366,53.3369629852146],[-3.83144461002084,53.3368691224447],[-3.83143524958026,53.3368004852803],[-3.83142822474968,53.3367414179666],[-3.83141997654102,53.3367292689141],[-3.83141342922865,53.3366538631907],[-3.83142876148222,53.336555997274],[-3.83146703190557,53.3364851983045],[-3.83151197522575,53.3363633240294],[-3.83160332189745,53.3362903613444],[-3.83165211401624,53.3362232663654],[-3.83170685822167,53.336049729261],[-3.83174137920807,53.3359790776812],[-3.83180468774274,53.3359142768283],[-3.83187523133379,53.3358430718579],[-3.83199291873483,53.3357154051308],[-3.8320730784838,53.3356092613352],[-3.83212633694222,53.3355272641645],[-3.8321760587693,53.3354608738585],[-3.83225333644964,53.3354066460236],[-3.83232745801816,53.3353488706654],[-3.83237537029937,53.3352753161417],[-3.83246342351038,53.3352272155294],[-3.83252411198814,53.3351363837722],[-3.83260123211476,53.3350084408044],[-3.83262466662343,53.3349244744375],[-3.83265733765381,53.3348457600647],[-3.83260384885535,53.3347822142806],[-3.832522807265,53.3346715352252],[-3.83245042140528,53.3345630604857],[-3.83240201303289,53.3344918850142],[-3.83236020900042,53.3344276201773],[-3.83231088440127,53.3343350627457],[-3.83227741637315,53.3342690516081],[-3.83224758910703,53.3342038835127],[-3.83221774267993,53.3341382662085],[-3.83218320114033,53.3340682260766],[-3.83214069362425,53.3340050507637],[-3.83210830738877,53.3339327300168],[-3.83206281760579,53.3338700499921],[-3.83202539029083,53.3338027511265],[-3.83200368382353,53.3337343117383],[-3.83195819440963,53.3336716316692],[-3.83195376742812,53.3336033763067],[-3.83192088210216,53.3335369059274],[-3.83181822602109,53.3335070178534],[-3.83183167554298,53.3334353405304],[-3.83181447273431,53.3333668310895],[-3.83176973493642,53.3333041386396],[-3.83161574200449,53.3331801941976],[-3.83155580369641,53.333113240133],[-3.83150515934026,53.3330528858118],[-3.83146267361685,53.3329901586556],[-3.83140008045343,53.3329313363121],[-3.83133000245693,53.3328730783869],[-3.8312366421726,53.332832259019],[-3.83112651136122,53.3327575350026],[-3.83104528475973,53.3327650753085],[-3.83102605885153,53.3327369620396],[-3.83096891604203,53.3326651101391],[-3.8309276438132,53.3325956216379],[-3.83089845536299,53.3325277455929],[-3.8308633406061,53.3324617585372],[-3.83075987974085,53.3324305334077],[-3.83071883888611,53.3323664352976],[-3.83067704774205,53.3323023486917],[-3.83060708717349,53.3322467855467],[-3.83056970263875,53.3321803837468],[-3.83056960648155,53.3321781377159],[-3.83047621169675,53.3320662970614],[-3.83038146856044,53.3320281952611],[-3.83026750233907,53.3320321920698],[-3.83021668807293,53.3319677942944],[-3.83011469124353,53.3319356471333],[-3.83006901482354,53.3318684734329],[-3.83008870080797,53.3318020945995],[-3.83009699607239,53.3317327440707],[-3.83011666272894,53.3316659160263],[-3.8301362447297,53.3315971114707],[-3.83013689130954,53.3315946742395],[-3.83013751097226,53.3315916081193],[-3.83020186649524,53.3315338034077],[-3.83020475273882,53.3315310621001],[-3.83020888983176,53.3315224580753],[-3.83024677785706,53.3314427642966],[-3.83025888248378,53.3313747037876],[-3.83022230736757,53.331309637954],[-3.83014205498525,53.3312591770125],[-3.83007875429031,53.3312012638327],[-3.8300066220542,53.3311475316674],[-3.82995221109313,53.3310867849832],[-3.82987831287161,53.3310338889441],[-3.82994579091019,53.3309192194619],[-3.8299425586595,53.330913875047],[-3.82993234220766,53.3309032437945],[-3.82986634903705,53.3308350332858],[-3.8298127082958,53.3307747242185],[-3.82976651391558,53.3307129523605],[-3.82971504774622,53.3306508118748],[-3.8296530763366,53.3305888325569],[-3.82951928215184,53.3304803080212],[-3.82945211625879,53.3304197568],[-3.82940288283598,53.3303571324223],[-3.82929237100088,53.3302486999404],[-3.82925081569254,53.330172472666],[-3.82920673941918,53.3301075215859],[-3.82913880497722,53.3300465324754],[-3.82904693455819,53.3300052390404],[-3.8289492150235,53.32996763126],[-3.82884304376318,53.3298939232024],[-3.82874158071636,53.3298530463553],[-3.82855501180848,53.3297920782439],[-3.82844744104936,53.3297699041688],[-3.82838816695813,53.3297006908088],[-3.82835307772059,53.329635152111],[-3.82827069621854,53.3295698890057],[-3.82822821883649,53.3295071605562],[-3.82823388158396,53.3294288604701],[-3.82830080527684,53.3293433280946],[-3.82827509338166,53.3292371904543],[-3.82818824406803,53.3291868293429],[-3.82819904598341,53.3291795616079],[-3.82819974674149,53.3291790923726],[-3.82830632225713,53.3291070753942],[-3.82832597552092,53.3290363821145],[-3.82836438354276,53.3289688174765],[-3.82843315269931,53.32889134775],[-3.82846548076079,53.3288220782987],[-3.82853088314583,53.3287361196087],[-3.82858612485619,53.3286759382852],[-3.82866547368122,53.3286176347488],[-3.82868212065991,53.3285504037184],[-3.82868362735689,53.3284627277996],[-3.82869207566916,53.3284320321289],[-3.82871579983867,53.32840739521],[-3.8286799963982,53.3283848399042],[-3.8287277504388,53.3281952269719],[-3.82887753360925,53.3280844200889],[-3.82888058898915,53.3280821257191],[-3.82891880821643,53.328052321922],[-3.82892709314404,53.3280459018266],[-3.82897554361121,53.3280200765008],[-3.82902149281618,53.3279954582253],[-3.82917549402221,53.3279130846672],[-3.82940501417717,53.3278093247571],[-3.82964843545276,53.3277075986127],[-3.82985470013791,53.3276183989089],[-3.82994539964248,53.3275762821803],[-3.83009427983533,53.3273883531089],[-3.83018395815193,53.3272557222214],[-3.83023850412502,53.327161838157],[-3.83029043417162,53.3270419231173],[-3.83029416876051,53.3269712940197],[-3.83026912204047,53.3268948136686],[-3.83022535590052,53.3268195196368],[-3.83012201710642,53.3266785237584],[-3.83011255593821,53.3266644647115],[-3.8300122178153,53.3265584838207],[-3.82990794767769,53.3264553500972],[-3.82979503948874,53.3263608893689],[-3.82969575186878,53.3262864471153],[-3.82947874756713,53.3261279560712],[-3.82939007967794,53.3260735782092],[-3.82925497096135,53.326004180162],[-3.82916417638515,53.3259601013779],[-3.82904361384102,53.3258660090761],[-3.82904912821918,53.3258432696011],[-3.82904812049087,53.3258372617346],[-3.82899516851201,53.3257753235008],[-3.82892766517068,53.3257066861046],[-3.82883667230119,53.3256330149144],[-3.82869785403976,53.3255470415641],[-3.82854206891669,53.3254505401927],[-3.82841652302663,53.3253861746119],[-3.82826879987074,53.3253104403101],[-3.82817299714164,53.3252647114729],[-3.82806697612748,53.3252117670215],[-3.82805103219063,53.3252041001657],[-3.82799226952903,53.3251783004249],[-3.82785979303761,53.3251211763793],[-3.82774479585644,53.3250725046587],[-3.82763588918215,53.3250293133383],[-3.82751315441292,53.3249857944439],[-3.8273831937443,53.3249453528933],[-3.82707262425712,53.3248211939254],[-3.82678290891841,53.3247106493127],[-3.82665998411703,53.3246626373886],[-3.82644795325571,53.3245849743686],[-3.8263298377409,53.3245440805177],[-3.82616303337565,53.3244881995371],[-3.82604424482914,53.3244491137282],[-3.82585930033493,53.3243903635746],[-3.8256478091008,53.3243252769987],[-3.82539016834362,53.3242519064187],[-3.82513972175923,53.324188763783],[-3.82501675914765,53.3241573824188],[-3.82490493583158,53.3241231334171],[-3.82474132769173,53.3240716965636],[-3.82460894092137,53.3240305698741],[-3.82443592482868,53.3239873676509],[-3.82432425568377,53.3239567117831],[-3.82419800592142,53.3239186372779],[-3.82405044238079,53.3238736965913],[-3.82388879642791,53.3238330166695],[-3.82355638734686,53.3237490985588],[-3.82334666102442,53.3236957021737]]]},"properties":{"WD24CD":"W05001416","WD24NM":"Gogarth Mostyn","LAD24NM":"Conwy"}},{"type":"Feature","geometry":{"type":"Polygon","coordinates":[[[-3.73107830484443,53.2999385596518],[-3.73077753511782,53.2998739816872],[-3.73063792388578,53.2998541719556],[-3.73049819039545,53.2998350470802],[-3.73033528303925,53.2998005977967],[-3.73018280272562,53.2997564225548],[-3.73007452518569,53.2997191392159],[-3.72995261033256,53.2996700520022],[-3.72977364777309,53.2995858323898],[-3.72950510132551,53.2994396494786],[-3.72908715035837,53.2992045552972],[-3.72895142718368,53.2991237437842],[-3.72880803492166,53.2990410385767],[-3.72841408602977,53.2988501755939],[-3.72795914247621,53.298637037276],[-3.72780291535123,53.2985693774959],[-3.72766774228412,53.2985065546521],[-3.72757817269808,53.2984615811827],[-3.72750641151845,53.2984079528616],[-3.72750443287372,53.2983402955897],[-3.72725828463046,53.2982508788944],[-3.72698750139798,53.2981816506466],[-3.72659189029496,53.2980682640392],[-3.72646333745114,53.298032224165],[-3.72634459100916,53.2979945048299],[-3.72624026382626,53.29795600119],[-3.72611662525341,53.2978795425344],[-3.72600128874046,53.2978601401126],[-3.72555988052613,53.2977730708604],[-3.72509920894275,53.2976715261724],[-3.72493314136063,53.2976346701406],[-3.72476849396635,53.2975954379448],[-3.72435082856248,53.2974732922641],[-3.72404573039298,53.2973707154595],[-3.72364237360729,53.2972251751273],[-3.7234319553978,53.2971507238422],[-3.72332407410659,53.2971233448117],[-3.72321227669489,53.297103430079],[-3.72311188102165,53.2970906125497],[-3.72334074831395,53.2967903363352],[-3.72397542505456,53.2959693221077],[-3.7251072772302,53.2963152298457],[-3.72526265592347,53.2963364376178],[-3.72547735110879,53.2963405199351],[-3.72578122773314,53.2963226389376],[-3.72608518876348,53.2963037679348],[-3.72642704202871,53.2963717043276],[-3.72689536462889,53.2957437067926],[-3.7274025627088,53.2950738012347],[-3.72693366906308,53.2947605527541],[-3.72695125046702,53.2947486145559],[-3.72730066584631,53.2944828247668],[-3.72764785971257,53.2940516071261],[-3.72775130652333,53.2939386625186],[-3.72787164607803,53.2938335621413],[-3.72801929685992,53.2937369630891],[-3.72813985376475,53.2936741007695],[-3.7282515514038,53.2936185561267],[-3.72842917816037,53.2935566630224],[-3.72868343154921,53.2934990504463],[-3.72874900717756,53.2933766779578],[-3.72888447980976,53.2932021534196],[-3.7291564323839,53.2929150135272],[-3.72956772723548,53.2923992755811],[-3.72998067445456,53.2917010692428],[-3.73006429552079,53.2915416784046],[-3.73017286869928,53.2913324041787],[-3.73018083920054,53.2912693769107],[-3.73017593833921,53.2911480282302],[-3.73011574721208,53.2910329652253],[-3.73009951899337,53.2910017450513],[-3.73001972651154,53.2909220174288],[-3.72981425271157,53.2908116695159],[-3.72961351799686,53.2906348358091],[-3.72948659338734,53.2904631327755],[-3.72933024088962,53.2902334383616],[-3.72922607802046,53.2900677849563],[-3.72910050140127,53.2899661628079],[-3.72894869233565,53.2899225295015],[-3.72847856084919,53.2898349826182],[-3.7273082683975,53.2896487489088],[-3.72689510121628,53.2895963200161],[-3.72643841761752,53.2895445193267],[-3.72567041792113,53.2894720622181],[-3.72496446225481,53.2894166765057],[-3.72421048101191,53.2893573976776],[-3.72345330859845,53.2892587064342],[-3.72317822376005,53.2892438115014],[-3.7222776882159,53.2892343626785],[-3.7218631733525,53.2892250749943],[-3.72173797534712,53.2892062136837],[-3.72168210506699,53.2891980328899],[-3.7214223451392,53.2891181144851],[-3.72135862458111,53.2890992627185],[-3.72134793641884,53.2890949239883],[-3.72120199963544,53.289049399341],[-3.72092519366981,53.2889176892527],[-3.72073742277587,53.288837628716],[-3.7206411324664,53.2887931835446],[-3.72058045369996,53.2887760854402],[-3.72049009385296,53.2887684030407],[-3.72042568465952,53.2887693330414],[-3.72025756393578,53.2888059119168],[-3.72027349099811,53.2887158095078],[-3.72032143246881,53.2886405222334],[-3.7204244436603,53.2885905040882],[-3.72053045212449,53.2885781918686],[-3.72056893987782,53.2885632532384],[-3.72060184126557,53.2885231436556],[-3.72060785227083,53.2884880063018],[-3.72060081005661,53.2883865522795],[-3.72059962437721,53.2883200633391],[-3.72062496755325,53.2882765586384],[-3.720674025859,53.2882291164118],[-3.72074058733519,53.2881678502932],[-3.72079602738117,53.2881284040168],[-3.72080397009689,53.2881013278189],[-3.72077613873519,53.28808285646],[-3.72068310742624,53.2880455544043],[-3.72061588075148,53.2880132726562],[-3.72060280851682,53.2879864990511],[-3.7206012579174,53.287947876743],[-3.72059797338752,53.2879029847762],[-3.72059796838924,53.2879028976467],[-3.72064179680368,53.2878762013198],[-3.72068361184867,53.2878702053309],[-3.72079596414517,53.2878649876774],[-3.72087069902658,53.287859414255],[-3.72089580488481,53.2878500644788],[-3.72093182053063,53.2878135956285],[-3.72093307120194,53.2877677418616],[-3.72090213413089,53.2877088727117],[-3.72087768732502,53.2876606949498],[-3.7209064283016,53.2876279253183],[-3.72099671906002,53.2875969626934],[-3.72103457832491,53.2875325167896],[-3.72103999038642,53.2874794137112],[-3.72099517804841,53.2874477065074],[-3.72100087871482,53.2874017893541],[-3.72108197343679,53.287292770149],[-3.72107756922664,53.2871830990149],[-3.72115316037336,53.2870849443755],[-3.7211594793913,53.2870174479922],[-3.72113832449845,53.2869773109061],[-3.72114677203994,53.2869258711338],[-3.72138814332056,53.2868100429752],[-3.72135993196685,53.2867789950471],[-3.72133642314553,53.2867541702784],[-3.72132815306922,53.2865852389453],[-3.72137763629619,53.2865854229735],[-3.72152008100475,53.286584262834],[-3.72156468134433,53.2865737330968],[-3.72159841368395,53.2865543723217],[-3.72162695823047,53.2865198082233],[-3.72165732646497,53.2864906098847],[-3.72169892341684,53.2864792236084],[-3.72175735862721,53.2864774801303],[-3.72180117816312,53.2865244796657],[-3.72183019976351,53.2865725920438],[-3.72185174065745,53.2865884579923],[-3.7218985830308,53.286596768158],[-3.72193289112847,53.2865917782593],[-3.7220098128658,53.2865637049339],[-3.7221105338957,53.2865307935033],[-3.72218875772072,53.2864982071941],[-3.72220970419454,53.2864592587327],[-3.72220764681248,53.2864080605818],[-3.72219395902201,53.2863660186329],[-3.72218895599693,53.2863184581137],[-3.72233560954636,53.2863081599441],[-3.72237865281492,53.2862958535191],[-3.72244294975516,53.2862922278723],[-3.72248098694539,53.2862692095313],[-3.72243630054422,53.2862006533504],[-3.72247138782917,53.2859907304981],[-3.72247139968046,53.2859906521149],[-3.72239532375015,53.2858919931838],[-3.72236736496403,53.2858672329478],[-3.7223593732885,53.2858161205848],[-3.72242490384802,53.2857693382663],[-3.72251728852934,53.2857167745957],[-3.72256606383003,53.2856593593972],[-3.7226293701702,53.2855541910851],[-3.72264523759557,53.2855027346172],[-3.72272295605433,53.2854207243216],[-3.72274107890829,53.2853854125043],[-3.72281900758018,53.2853455499373],[-3.72289211271926,53.2852995558549],[-3.72293396469739,53.2852576087939],[-3.7229855850751,53.2852002421268],[-3.723117536399,53.2851596887672],[-3.72321219610694,53.2851268639082],[-3.72336369920135,53.2850896215857],[-3.72345560973981,53.2850622284243],[-3.72355077431112,53.2850050405734],[-3.72362458212045,53.2849365673942],[-3.72369907607156,53.2848851605223],[-3.72375040433209,53.2848574562285],[-3.72378322798832,53.284852487212],[-3.72403408630143,53.284862338132],[-3.72432342922947,53.284857251235],[-3.72437553198208,53.2848457127565],[-3.72450996185913,53.2847961337823],[-3.72465769884744,53.2847391727646],[-3.72475479346898,53.2846900441236],[-3.72481869210511,53.2846396879776],[-3.72484887444982,53.2846059982185],[-3.72508580609672,53.2845279726868],[-3.72510870345618,53.2844638307808],[-3.72516688284089,53.2844189502843],[-3.72532657187488,53.2842871298419],[-3.72543169971008,53.2842164046457],[-3.72548340202874,53.2841949852423],[-3.72558504177567,53.2841881207578],[-3.72569633436848,53.2841568498915],[-3.72575234295579,53.2841317729136],[-3.72587699987165,53.2840607643442],[-3.72597385996383,53.2840089419127],[-3.72605196585721,53.2839736583902],[-3.72608746756094,53.2839614606648],[-3.72614694751489,53.2839489145566],[-3.72624567019011,53.2839402946699],[-3.72637578914957,53.2839312187729],[-3.72641067479464,53.2838669027715],[-3.72646418517796,53.2838166970721],[-3.72658855188872,53.2837385017451],[-3.72662999533462,53.2836865838848],[-3.72666567653008,53.2836420286681],[-3.72675188561506,53.2835868551385],[-3.72680866739748,53.2835410962296],[-3.7269125612803,53.2834766803301],[-3.72697732251802,53.2834478815272],[-3.7270546676536,53.2834305832125],[-3.72713056411506,53.2834141149211],[-3.72716899265694,53.2834009757679],[-3.72719637335317,53.2833745158816],[-3.72724521364137,53.2832821399611],[-3.72728676936807,53.2832330066041],[-3.72734794759433,53.2831889815786],[-3.72757456350771,53.2831928841075],[-3.72765733667751,53.283199772488],[-3.72772761243212,53.2831942592315],[-3.7278008331418,53.2831851091412],[-3.72800901702794,53.2831398493442],[-3.72810178685166,53.2830971626238],[-3.72818715595528,53.283021241365],[-3.72823758637287,53.2829315378728],[-3.728383747445,53.2827621666965],[-3.72835173353734,53.2827105054496],[-3.72831778663866,53.2826507851247],[-3.72836107664816,53.2826079171359],[-3.72843232404733,53.282552960438],[-3.72851705860329,53.2824582650317],[-3.72866513853863,53.2823733443405],[-3.72870186409985,53.2823179904069],[-3.7287018597175,53.2822442957055],[-3.728781656776,53.2821406847319],[-3.72892969876696,53.2820548661278],[-3.72899399762643,53.2819748459502],[-3.72906981687713,53.2819198224283],[-3.72910531431958,53.2819076240958],[-3.72921148367806,53.2818997917455],[-3.72931949607398,53.2818640716818],[-3.72938610809058,53.2818045986719],[-3.72947789097153,53.281700813097],[-3.72956490141907,53.2816258547732],[-3.72966990747708,53.2815524329716],[-3.72973576307234,53.2815110346098],[-3.72991470556418,53.2814463348252],[-3.73005007146451,53.2813805597063],[-3.7302317584592,53.2812368225387],[-3.73028626184943,53.2812144617323],[-3.73038168365076,53.2811977974012],[-3.73043281906902,53.2811655095821],[-3.73055745375494,53.2810576507143],[-3.73062608825794,53.2809748704622],[-3.73061975262148,53.2809282286462],[-3.73060573302001,53.2808781044022],[-3.73061966393258,53.2808158010887],[-3.7307100360995,53.2807506798049],[-3.73076633645901,53.2803992729673],[-3.7310660685983,53.2802051987154],[-3.73112970182052,53.2801854007611],[-3.73118805482641,53.2801818556117],[-3.73125728505918,53.2802240780464],[-3.73129938084955,53.2802252631322],[-3.73135123858896,53.2802109383736],[-3.73144511920508,53.2801592455051],[-3.73148540028943,53.2801155218271],[-3.73151669476721,53.2800728277636],[-3.73153979708895,53.2800140749123],[-3.73161353587724,53.2799842437598],[-3.73175038232375,53.2799552928398],[-3.7318045341467,53.2799212533218],[-3.73179691343817,53.2798826292551],[-3.73171625184627,53.2798146011738],[-3.73172891538013,53.2797209509598],[-3.73177508267369,53.2796025475957],[-3.73180093783522,53.2794987296417],[-3.73185237221216,53.2794341726487],[-3.73195022756655,53.2793707384488],[-3.73207366651801,53.2793069320528],[-3.73219224865429,53.2792728532458],[-3.73236216075862,53.2792451276971],[-3.73248716019433,53.2792199431509],[-3.73255840234311,53.2792018306996],[-3.73266604129854,53.2791571265342],[-3.73273156296063,53.2791076421604],[-3.73280722640427,53.2790490240418],[-3.73288211284988,53.2789742392638],[-3.73290451775842,53.2789427746177],[-3.73294157221056,53.2788692181428],[-3.73295239802361,53.2788356808485],[-3.73298032319261,53.2787945932542],[-3.73300896503311,53.2787712274571],[-3.73306187239146,53.2787454228884],[-3.73313932315207,53.2787322467479],[-3.73322672703001,53.278704013527],[-3.73331759882223,53.2786514637834],[-3.73340914992103,53.2785790430627],[-3.73344641623129,53.2785740066195],[-3.73354791608774,53.2785976931054],[-3.73356924747184,53.2785961743464],[-3.73359971203023,53.2785748683713],[-3.73362644431526,53.2785473580721],[-3.73365636049901,53.2785124999516],[-3.73367800273589,53.2784881930683],[-3.73369591120462,53.2784576818887],[-3.73370618945622,53.2784105923571],[-3.73367489098462,53.2783682802825],[-3.73362615763716,53.2783251792224],[-3.73361975867024,53.2782960647431],[-3.73362689521908,53.2782573652273],[-3.73363776250266,53.2782248709459],[-3.7336662770198,53.2781983774888],[-3.73371786619448,53.2781830234631],[-3.73378569972823,53.2781820358179],[-3.73381573266794,53.278193072128],[-3.73388598150216,53.2782087395992],[-3.73393675834478,53.2782163454004],[-3.73399059396021,53.2782134749508],[-3.7340475697321,53.2782022144761],[-3.73409377198019,53.2781827647943],[-3.73413458900891,53.2781592222808],[-3.73417850237018,53.2781262457771],[-3.7341806735847,53.2780938780736],[-3.73421593347455,53.2780620712854],[-3.73425903762497,53.2780520555326],[-3.73432623795334,53.2780354292556],[-3.73437506488204,53.2780378483183],[-3.7344382302628,53.278050488407],[-3.73448883968089,53.2780539233715],[-3.73454504539756,53.2780666656799],[-3.73458792992265,53.2780942049467],[-3.73463929806415,53.2781164052213],[-3.73468133906028,53.2781230955369],[-3.73473335026752,53.2781181652776],[-3.73483885979741,53.278102026177],[-3.73492676380622,53.2780809265822],[-3.73499383797366,53.2780611739394],[-3.7350876916609,53.2780149574409],[-3.73512666336154,53.2779904484378],[-3.73526543723618,53.2778993642639],[-3.73532200469641,53.2778518072253],[-3.73530993566726,53.2778133387801],[-3.73519811924151,53.2777547530262],[-3.73510912415756,53.2777039229163],[-3.73508513926098,53.277667425031],[-3.73507867246956,53.2776206961192],[-3.73510746787804,53.2775897206446],[-3.73525251819722,53.2775040269793],[-3.73534801643173,53.2774559029143],[-3.7353674543665,53.2773801275055],[-3.73540764232737,53.2773373029349],[-3.73542261850871,53.2772246545237],[-3.7354941735486,53.2771013867456],[-3.73550002462698,53.2770626572858],[-3.73548748273099,53.2770125117682],[-3.73541815765376,53.2769649005077],[-3.73540474285419,53.2768931985977],[-3.73534740397159,53.2768850467155],[-3.73535764656267,53.2768417593266],[-3.73538577266686,53.2767973124775],[-3.73537411780101,53.2767660271101],[-3.73540891797055,53.2767367611175],[-3.73547485583764,53.2767007505247],[-3.73557080015614,53.2766606178833],[-3.73565989952335,53.276637750804],[-3.73571066379902,53.2765965690641],[-3.7357406873022,53.2765592844708],[-3.73576432606973,53.2765140039095],[-3.73577337677685,53.2764779238316],[-3.7357521749905,53.2764368915537],[-3.73570211387678,53.2763854947139],[-3.73566176111352,53.2763509434554],[-3.73560916277965,53.2763499117642],[-3.73555708144101,53.27632191136],[-3.73555877305354,53.2762904315827],[-3.73559701204351,53.2762727993976],[-3.73572682171473,53.2762169850524],[-3.73576122095771,53.2761778387409],[-3.73571299721402,53.2760985559056],[-3.73571197851211,53.2760734066352],[-3.73568099655176,53.2760504010497],[-3.73568760817043,53.2759541422564],[-3.73574693583334,53.2758984556996],[-3.73583743527264,53.2758369228772],[-3.7359601346284,53.2758315409495],[-3.73606115552826,53.2758435490384],[-3.73609396497777,53.2758781210843],[-3.73619788110851,53.27588828982],[-3.73622425405549,53.2758708303362],[-3.73627133234502,53.2758485751112],[-3.73630696818218,53.2758399667705],[-3.73636809946693,53.2758318867069],[-3.73639848576124,53.2758035827767],[-3.73641343055154,53.2757665177392],[-3.73641453702259,53.2757205774378],[-3.73639200354646,53.2756436155304],[-3.73633881551717,53.2755913664561],[-3.73633972104457,53.27553743],[-3.73642952729647,53.2754588316232],[-3.73640905482303,53.2754357629424],[-3.73642359546895,53.275388727853],[-3.73659742967702,53.2752720573161],[-3.73664685308236,53.2752344888238],[-3.7366577392014,53.2751705218916],[-3.7366785934791,53.2751297757609],[-3.73685299980695,53.2750669290965],[-3.73697091003403,53.2750166788688],[-3.73710389611486,53.274780085108],[-3.73709847671699,53.2747226459791],[-3.73712983441184,53.2746817465754],[-3.73719146772988,53.2746098486325],[-3.73719503351799,53.2745513803965],[-3.73719764035926,53.2745028121623],[-3.73725614407795,53.2744299709337],[-3.73726681962926,53.274397462063],[-3.73721693081601,53.2743137103164],[-3.73723731073408,53.2742612869873],[-3.73730267672629,53.2740984751781],[-3.73737467462502,53.2739131875101],[-3.73738296786781,53.2738950924577],[-3.73755883258065,53.2734627608058],[-3.73765011443394,53.2733841398726],[-3.73766974883653,53.2733865494686],[-3.7378418235185,53.2734127981889],[-3.73790261340356,53.2733597851059],[-3.73817810231889,53.2732010966515],[-3.73823376067583,53.2731679303104],[-3.73836702818254,53.2731641874855],[-3.73840686981094,53.2731465308761],[-3.73845999902161,53.2731241863393],[-3.73856388527959,53.2730606578161],[-3.73860522351691,53.272970182928],[-3.73864640091168,53.2728797031718],[-3.73864644873615,53.2728796251618],[-3.73868521790122,53.2728359146945],[-3.73873394561585,53.2727812810156],[-3.73873600237259,53.272719238734],[-3.73873758367107,53.272685064454],[-3.73878743217538,53.2725818831607],[-3.73883503641474,53.2725361620863],[-3.73884740223798,53.2724721722368],[-3.7389760870817,53.2723921050244],[-3.73906245224189,53.2723387186924],[-3.73915299751251,53.2722420421714],[-3.73924926876836,53.2721768279295],[-3.73927885216861,53.2719795757958],[-3.73929822811722,53.271865964256],[-3.73931313249042,53.2718280003672],[-3.73937653320768,53.2717632659939],[-3.73953628865414,53.271671959219],[-3.73950892219882,53.2714790447414],[-3.73941385521848,53.271464256147],[-3.73933275857424,53.2714249982739],[-3.73932619444294,53.2713729678744],[-3.73938020531824,53.2712992936264],[-3.73943968864638,53.2712507925745],[-3.73943866787413,53.271225643324],[-3.73936749155835,53.2711718605691],[-3.73935375485429,53.2711289228939],[-3.73935506803031,53.2710516132889],[-3.73935556742431,53.2708780639215],[-3.73942782768322,53.270772756873],[-3.73953328710854,53.2706750529247],[-3.73972901697874,53.2706568257373],[-3.73978999397946,53.2706451508026],[-3.73985640584105,53.2706181174148],[-3.73992222281574,53.2705398662478],[-3.7399125692527,53.2704878809835],[-3.73992445879138,53.2704122147447],[-3.73995291743347,53.270373154602],[-3.73991394088627,53.2702262441287],[-3.73989947462621,53.270165342104],[-3.73987169830267,53.2701450777411],[-3.73982236777027,53.2701116472166],[-3.73983244147202,53.2699181848402],[-3.73987850282954,53.2699076258066],[-3.73999898573576,53.269881600205],[-3.74010067334205,53.2697641794703],[-3.74019687436685,53.2695847374117],[-3.74028098205246,53.2694424082782],[-3.74034867637213,53.2693343821189],[-3.74039376356571,53.2692267753247],[-3.7404050303353,53.2691358399356],[-3.74035415332313,53.2690277478661],[-3.74034355133472,53.2689524102403],[-3.74040097617183,53.2689264067288],[-3.74047756065708,53.268891136049],[-3.74054698344252,53.2689018044069],[-3.74102193400787,53.2690036067596],[-3.74181481062127,53.2691035422085],[-3.74201117434363,53.2690646313646],[-3.74235922385161,53.2689948304563],[-3.74283755950543,53.2689213245301],[-3.74311849885028,53.2689342883214],[-3.74335703942896,53.2689352900875],[-3.7436126705178,53.2689522173888],[-3.74388281379581,53.2689581474319],[-3.74418812824451,53.2689806369471],[-3.74488543887648,53.2690198512772],[-3.7453359374325,53.26903400913],[-3.74538747005748,53.2684596872392],[-3.74547526492504,53.2678893267288],[-3.74554176045347,53.2675701126416],[-3.74650865298022,53.2675658192923],[-3.74711975107327,53.2675469673428],[-3.74711845207315,53.267551480431],[-3.74705041314904,53.2677961235359],[-3.74703232355485,53.2680499197998],[-3.74702559296198,53.2681425879309],[-3.74700191225533,53.2685564396479],[-3.7481374004989,53.2686746733526],[-3.74828913261013,53.2686814327621],[-3.74830261350413,53.2686451962693],[-3.7486376410467,53.2688443779921],[-3.74866887603609,53.2688735768484],[-3.74873241372811,53.2689247705655],[-3.74877944770572,53.2689744985654],[-3.74882935485262,53.2690582460562],[-3.74906426783398,53.2692641993725],[-3.74929288399061,53.2695035882576],[-3.74931509949633,53.2695329203834],[-3.74934784419533,53.2695990345059],[-3.7493643718655,53.2696374373574],[-3.7494106231133,53.2699253399233],[-3.749468511559,53.2703892235456],[-3.74913885541569,53.2705037109083],[-3.7490578914616,53.2705436347059],[-3.74898020876659,53.2705852183254],[-3.74877272482192,53.2707212775641],[-3.74899586854545,53.2709688358011],[-3.74925792718992,53.2712185182164],[-3.7494091129718,53.2713933475584],[-3.74949036295258,53.2715117750342],[-3.7495807809571,53.271706370212],[-3.74965216524133,53.2718375247733],[-3.74972308438401,53.2719209634143],[-3.74995714935573,53.2721449925489],[-3.75001529735252,53.2722456949732],[-3.75003236394814,53.272333519796],[-3.75001909211472,53.2726321830847],[-3.74999906786786,53.2729138692962],[-3.75001294070042,53.2732534754478],[-3.75003342816591,53.2734977187378],[-3.75006706207075,53.2736248439076],[-3.75012811507853,53.2737965937955],[-3.75024690629582,53.2739530243205],[-3.75075398992511,53.274542509386],[-3.751051404644,53.2749211769569],[-3.7511997784577,53.2751023373584],[-3.75132796370427,53.2752281631244],[-3.75180666449056,53.275491647796],[-3.75201155886783,53.2756244351485],[-3.75216616687278,53.2758126933616],[-3.7523081316005,53.2760183033666],[-3.75250571822297,53.2763381326443],[-3.75261809207287,53.2766304557336],[-3.75281286416755,53.2771382500905],[-3.75295780061427,53.2772349788569],[-3.75320608758386,53.2774003796321],[-3.75337151955016,53.2775597175931],[-3.75356837401241,53.2777887842354],[-3.7537553108063,53.2779567934182],[-3.75390319790761,53.2781254657993],[-3.75405776602274,53.2783848121958],[-3.75416050527889,53.2785109207218],[-3.75438691027038,53.2787305640249],[-3.75465158960255,53.278966718939],[-3.75487531299041,53.2792294496579],[-3.75493845095925,53.2793427491163],[-3.75498770434559,53.2795910622817],[-3.75505303474598,53.2800143908018],[-3.75516118511101,53.2803840630447],[-3.75525549258964,53.2806362068016],[-3.75525871692488,53.2806424504381],[-3.75511310550908,53.2806383030631],[-3.75433909881237,53.2805283662048],[-3.75405415037601,53.280492026328],[-3.75356198002083,53.2804147860552],[-3.75326151473714,53.2803679772749],[-3.7523010732906,53.2801717053028],[-3.7516846201842,53.2800279807524],[-3.75167100118158,53.2800245858079],[-3.75160200575843,53.280097497766],[-3.75156886701726,53.2801671868228],[-3.75153478536299,53.280286409491],[-3.75153974404301,53.2804076656448],[-3.75154308656652,53.2804894009267],[-3.75144902179286,53.2805753532101],[-3.7511529224665,53.2807441712167],[-3.75084888164862,53.2809365626825],[-3.75061729918723,53.281071179056],[-3.75017551166346,53.2813824268653],[-3.75004164551097,53.2814841513565],[-3.7498228195892,53.2816707953007],[-3.74980869212362,53.2817276226115],[-3.74982589648113,53.2818550789313],[-3.74954286156836,53.2819050690527],[-3.74935987645122,53.2819428056986],[-3.74912693924559,53.2820414900788],[-3.74890008265375,53.2821436788718],[-3.74871589306005,53.282224661599],[-3.74847638609101,53.2823836549402],[-3.7484237416783,53.2824149837343],[-3.7482505993165,53.2824363969475],[-3.74807277291714,53.2824551825537],[-3.74776473434618,53.2826260544823],[-3.74764029749383,53.2826620307256],[-3.74748599218025,53.2827056348431],[-3.7471938493307,53.2827872089311],[-3.74677126654883,53.2828698840976],[-3.74652144317138,53.2829247729008],[-3.74639290646448,53.282972491024],[-3.74638258346615,53.2829771362979],[-3.74644075599816,53.2830418907273],[-3.74665107081134,53.2831979727039],[-3.7469243878396,53.2834249398913],[-3.74710579961625,53.283569761632],[-3.74737797535317,53.2838444706739],[-3.74754774580917,53.2840343125523],[-3.74799283761171,53.2846121476969],[-3.74810102459678,53.2845809021026],[-3.74877857636481,53.2843840247228],[-3.74959820195362,53.2841409287946],[-3.75002337234008,53.2840457118918],[-3.750654193624,53.284028358643],[-3.75109150494405,53.2840093520627],[-3.75133082642978,53.2839940627173],[-3.75171349671982,53.2843265471818],[-3.75235133864093,53.2849221173926],[-3.75238478730467,53.2849325000355],[-3.7525898977447,53.2849968910361],[-3.75263927878383,53.2850671653631],[-3.75264280691668,53.285153393155],[-3.75263004503482,53.2852435445244],[-3.75256370265074,53.2853451789519],[-3.75243238013174,53.2853974389467],[-3.75238671039766,53.2854178828404],[-3.7523098351143,53.2854828228667],[-3.75213785736436,53.2855329839929],[-3.75197332347967,53.2855443893006],[-3.75195987133259,53.2856570194273],[-3.75185214002655,53.2856630966236],[-3.75132187553941,53.2857203179551],[-3.75113765315995,53.2856888723966],[-3.75117065689558,53.2859455174575],[-3.75116042841657,53.2859888080142],[-3.75111563326915,53.2861063018879],[-3.75106753043037,53.2861762117645],[-3.75105301090901,53.286262794626],[-3.75103406609645,53.286310706422],[-3.75097808681124,53.286448137131],[-3.75096941087293,53.2866020392862],[-3.75106657135953,53.2866671189442],[-3.75113759173995,53.2867523551666],[-3.75124578674228,53.2869027422013],[-3.75129912658644,53.2869972255618],[-3.75130379072669,53.2871112966657],[-3.7512957111763,53.2871708230091],[-3.75126322707944,53.2872566799284],[-3.7512756072857,53.2873023344333],[-3.75133774399394,53.2873184972379],[-3.75144856633013,53.2873878703318],[-3.75153916080668,53.2874738069961],[-3.75173656540594,53.2876066167799],[-3.75188744451379,53.2876996657588],[-3.75202332919452,53.2877587837305],[-3.75225621357694,53.2878758826416],[-3.75246071322933,53.2879250034037],[-3.75295143365233,53.2881129059077],[-3.75306164829233,53.2881643109384],[-3.75307156553593,53.2882252799493],[-3.75306885409797,53.2883403584092],[-3.7530992032256,53.2883867364833],[-3.75308767710442,53.2884345394271],[-3.75304012634911,53.2885179222651],[-3.75295505517545,53.2886396048425],[-3.75268990543546,53.2888314299637],[-3.75250588315145,53.2889563640131],[-3.75240120578084,53.2891098802678],[-3.75231598463767,53.2892279694916],[-3.75226703656949,53.2892772204905],[-3.75223499276535,53.289449441578],[-3.75221845100236,53.2895197859264],[-3.75221205755733,53.289620538981],[-3.75216998817879,53.2897290964685],[-3.75209511690988,53.2897706401003],[-3.75159815996033,53.2897240180159],[-3.75145213648979,53.2897135809838],[-3.75096172600195,53.2896425053398],[-3.75079082461809,53.2896468138147],[-3.75052350064216,53.2896768929822],[-3.75024541884232,53.2896647093711],[-3.74994558398673,53.2897437979739],[-3.74959048450212,53.2897903522937],[-3.74943901799625,53.2899040198994],[-3.74930432365605,53.2899104908981],[-3.74925902990433,53.289903965449],[-3.74922732139877,53.2898999367062],[-3.74916952186671,53.2898810132704],[-3.74908614637803,53.2898597681305],[-3.74891869724886,53.2898002114444],[-3.74869991049235,53.2897315223408],[-3.74848775213086,53.2896797221783],[-3.74838903674602,53.2896524103908],[-3.74765190545131,53.289603904094],[-3.7471397011783,53.2904690818662],[-3.74688488413009,53.2908818339503],[-3.74694253749212,53.2908971655413],[-3.74764895821428,53.2910019391101],[-3.74813228648499,53.2910811300361],[-3.74812957721112,53.2910874609612],[-3.74812448564987,53.2911082072015],[-3.74775366071991,53.2916548664504],[-3.74780641071092,53.2916621821395],[-3.74804019593065,53.2916920068071],[-3.74842992285266,53.2917932408024],[-3.7487013636867,53.2917515116259],[-3.74888762044479,53.291792817205],[-3.74905432825693,53.2918703593989],[-3.74914790489732,53.2920685975835],[-3.74906791877355,53.292166836298],[-3.74893957625586,53.2924411305262],[-3.74881835683725,53.2927081307246],[-3.74875674488264,53.2929625718587],[-3.74875294112753,53.2930875546294],[-3.7489272867204,53.2930975790781],[-3.7497240816082,53.2929879210401],[-3.75003736862868,53.2929437761051],[-3.7500421127944,53.2929508967111],[-3.75008215706283,53.2930105251772],[-3.7502710498818,53.2933008342883],[-3.75039015602962,53.2934636458527],[-3.75040245584754,53.2936162524384],[-3.75041662145646,53.2938902533568],[-3.75041772271775,53.2939172002139],[-3.75036369976375,53.2941724297214],[-3.75034165665088,53.2943686803841],[-3.75038706543051,53.294377899939],[-3.75049002710501,53.2943998456796],[-3.75095827117701,53.2944388039867],[-3.75102928149888,53.2944871918454],[-3.75104421281865,53.294558872406],[-3.75110335567334,53.2945741811787],[-3.75123378201191,53.2946082153938],[-3.75145171581271,53.2946553437205],[-3.75147914664184,53.2946666242066],[-3.7516317338474,53.294728283722],[-3.75142306292174,53.2950558876607],[-3.75114067866102,53.2954870323557],[-3.75106471168513,53.2956473176218],[-3.75108808802439,53.2960011713454],[-3.75108318195263,53.2961747023536],[-3.75103110944583,53.2962204042041],[-3.75084830780643,53.2963004724346],[-3.75054709444396,53.2964226323075],[-3.75040128846079,53.296487686089],[-3.7502526263477,53.2965222243804],[-3.75004983057295,53.2966277490658],[-3.74987476841345,53.2967489539848],[-3.74957859562801,53.296809922889],[-3.74970118997491,53.2970185206486],[-3.74940852190273,53.2972016684439],[-3.74955359348365,53.2973002881814],[-3.74963107095101,53.2973584692173],[-3.74969383033895,53.2974258527247],[-3.74970963979961,53.2975190903963],[-3.74978139312737,53.2975855336259],[-3.74985413239377,53.297676137531],[-3.74992112347438,53.2977380665527],[-3.7499866077128,53.2977964225314],[-3.75014367724323,53.2978948663053],[-3.75041889596494,53.2981686288945],[-3.75057217399808,53.2982832155127],[-3.75078537209583,53.2984319723114],[-3.75108895445562,53.2985156802542],[-3.75128499153176,53.2985775107212],[-3.75141429902755,53.2986564982258],[-3.75156282835537,53.2986911644085],[-3.7515967488313,53.2987158309939],[-3.75162821860086,53.2987864602382],[-3.75163530283899,53.2991441482283],[-3.75142109271197,53.2991886373768],[-3.75105200526638,53.2992641625184],[-3.75007874444388,53.2994636882794],[-3.74898797923751,53.2996522578515],[-3.74844600320554,53.2997573637404],[-3.74786481382123,53.2998566610178],[-3.74628646433442,53.3001225470801],[-3.74545306668879,53.3002210339657],[-3.74453185647066,53.3002992295247],[-3.74319742342626,53.3003663860907],[-3.74205618203637,53.3003830705094],[-3.7414214361018,53.3003860542176],[-3.74142660442601,53.3003127276195],[-3.74107025308416,53.3003030995768],[-3.74071527383548,53.3002903039081],[-3.74037911535651,53.3002753444744],[-3.74004191483914,53.3002568931905],[-3.73974067285227,53.3002370171404],[-3.73943873997993,53.3002149028978],[-3.7391651350153,53.300191925074],[-3.73889160369533,53.3001670576372],[-3.73865322588307,53.3001431152319],[-3.73841657511662,53.300117349152],[-3.73832961846422,53.3001082787512],[-3.73822121866701,53.300099610886],[-3.73793850598832,53.3000651299338],[-3.73737708916346,53.2999911091259],[-3.73665303267357,53.2998852212329],[-3.73656008624193,53.2998690447683],[-3.73642339150772,53.2998472125056],[-3.73630248092413,53.2998260491733],[-3.73621836090561,53.2998128903916],[-3.73616876778032,53.2998037236854],[-3.73607657158772,53.2997875359174],[-3.73595260717156,53.299765068201],[-3.73570840993355,53.2997196285424],[-3.73570539219226,53.2997192229826],[-3.73570310612665,53.2997183572657],[-3.73570005197008,53.2997170532307],[-3.73569853399571,53.2997166258319],[-3.73569474816374,53.2997157819537],[-3.7356803911356,53.2997132939953],[-3.73558356857386,53.2996940266943],[-3.73537935253847,53.2996538477464],[-3.73523258295933,53.2996240697512],[-3.73503284866656,53.2995833754659],[-3.73480655955923,53.2995354257829],[-3.73462412790161,53.2994958274998],[-3.73454919109002,53.2994796570884],[-3.73453251906485,53.29947558447],[-3.7343833736858,53.2994426934876],[-3.7343032651116,53.2994248001648],[-3.73416228061846,53.2993933184803],[-3.73399866985755,53.2993552434445],[-3.73384189921835,53.2993193162052],[-3.73367516221515,53.2992781396902],[-3.73352592725432,53.2992430014451],[-3.73339701190103,53.2992093655358],[-3.73326286580839,53.2991762550534],[-3.73318104302271,53.2991567677084],[-3.73287853479143,53.2990793564923],[-3.73273522745031,53.2990423330919],[-3.73255088205234,53.2989924209561],[-3.73236878669653,53.2989424758401],[-3.73211608171788,53.2988719804339],[-3.73191844251722,53.2988165068921],[-3.73190586072191,53.298813003786],[-3.73185894113379,53.2987993913404],[-3.73181056805251,53.2987853477955],[-3.73159207654675,53.2991939038428],[-3.73146936795864,53.2994977716103],[-3.73137737266138,53.2996775045021],[-3.73127388402796,53.2997693953232],[-3.73107830484443,53.2999385596518]]]},"properties":{"WD24CD":"W05001428","WD24NM":"Rhiw","LAD24NM":"Conwy"}},{"type":"Feature","geometry":{"type":"Polygon","coordinates":[[[-3.81355319203568,53.3225620297932],[-3.81352847192919,53.3220469645558],[-3.81350526640263,53.3218908444977],[-3.81326127986052,53.3208804904629],[-3.81314948525678,53.3202609714236],[-3.81310000858414,53.3199434743992],[-3.81307506919612,53.318256440838],[-3.8130824914334,53.3182563279739],[-3.81331246776112,53.3182618181039],[-3.81338606318056,53.3182633958668],[-3.8146949752707,53.3182929130118],[-3.81532353114042,53.3183157003334],[-3.81610784890845,53.3183307187604],[-3.81645283097693,53.318286816889],[-3.81658242372422,53.3182632725366],[-3.81672687089503,53.318236805573],[-3.81686362870928,53.3182041643176],[-3.81688146102509,53.3181984994141],[-3.81701435977653,53.3181478520398],[-3.8170827377028,53.3181315312822],[-3.8189352795003,53.3173508483687],[-3.81895889516719,53.3173415007229],[-3.81641306985045,53.3154753165527],[-3.81473039226787,53.3142423273603],[-3.81392238360027,53.3136316086498],[-3.81362734477216,53.3133636854519],[-3.81345022447249,53.3131883361643],[-3.81312385151059,53.312817531921],[-3.81304745176641,53.3126793868858],[-3.8129926352335,53.3125570013864],[-3.81292374194806,53.3123477411442],[-3.81293632684668,53.3118647409393],[-3.81294916966919,53.3115310189347],[-3.81300876376212,53.3107758806598],[-3.81333165555227,53.3097154780864],[-3.81342010237989,53.3093581372894],[-3.81346832283854,53.3091146509264],[-3.81351479212905,53.308689643543],[-3.81353471799799,53.3084852343457],[-3.81355200735261,53.3081163949684],[-3.81354398039299,53.3077488387055],[-3.81350517968297,53.307469827911],[-3.81340799611158,53.3070892470028],[-3.81333689957778,53.3067927525392],[-3.81316412728867,53.3063279404254],[-3.81291953485964,53.3057976224966],[-3.81339270902568,53.3057383004207],[-3.81329941111358,53.30548438425],[-3.81411876401301,53.3053739576559],[-3.81401460887018,53.305112118826],[-3.81467605424836,53.3049959122293],[-3.81495409949367,53.3050394042253],[-3.81501920964038,53.3050194495155],[-3.81506273862196,53.304983735547],[-3.8157933189565,53.3052225544583],[-3.81609009732403,53.3053195937915],[-3.81638101347509,53.3054563562175],[-3.81641129088937,53.3054262358581],[-3.81663555423551,53.305406641782],[-3.8170468392237,53.305300524209],[-3.81710662764017,53.3052951198716],[-3.81791323100325,53.3050275800644],[-3.81804505618693,53.3048798825707],[-3.81816050605993,53.3047370186428],[-3.81819169732587,53.3047284546921],[-3.81821043018045,53.3046742439018],[-3.81831787296315,53.3045206266104],[-3.81870860436086,53.3042485482237],[-3.81873784875307,53.3041941770255],[-3.81872577313775,53.3041575126824],[-3.81881118189141,53.3041202604947],[-3.81894271053506,53.3041083678819],[-3.81939044794363,53.3039432671057],[-3.81984037724303,53.303934604356],[-3.82026639559198,53.3040009000609],[-3.82140753452156,53.3042244309312],[-3.82190344617258,53.3043104148744],[-3.82258393775483,53.3043952838481],[-3.82294370820616,53.3044544941528],[-3.82308663464996,53.3044981450157],[-3.82312186413925,53.3045146830553],[-3.82359389268949,53.3047457239829],[-3.82378508001382,53.3048299786219],[-3.8240939644662,53.3048216598146],[-3.82438603879444,53.3047731528373],[-3.82465668768964,53.3047851885197],[-3.82509141523831,53.304878297667],[-3.82545074756338,53.304999610565],[-3.82560459418632,53.3051221814377],[-3.82562500489529,53.3051074893301],[-3.82576420142679,53.305275311979],[-3.82587997791747,53.3054568846865],[-3.82646032502934,53.3054794533546],[-3.82724250305302,53.3056266387768],[-3.82737451704157,53.3056956167388],[-3.82753093027829,53.3057013089689],[-3.82768055831078,53.3057277758723],[-3.82809547909902,53.3058464316747],[-3.82865142618447,53.3060392276352],[-3.82884861753753,53.3061216739749],[-3.82921827596171,53.3063074378229],[-3.82924052722508,53.3063358566415],[-3.82932882809364,53.3064010996536],[-3.82961413558878,53.306579168872],[-3.82995403603163,53.3068068195751],[-3.82989809915998,53.3068328429874],[-3.83053833157935,53.307236531263],[-3.83058820731662,53.3072106005985],[-3.83068077720357,53.3072684969091],[-3.83090697353208,53.3073981293653],[-3.83093505741103,53.3073545583897],[-3.83098434812535,53.3072773175979],[-3.83111294023873,53.3070578452561],[-3.8311828690131,53.3069713000853],[-3.8313317061628,53.306802745652],[-3.83193089838537,53.3062127695976],[-3.83230198578042,53.3058708455575],[-3.83303124676398,53.3052384215025],[-3.83447861672348,53.3040959613168],[-3.83451769321278,53.3040953601552],[-3.83692073920786,53.3040655611031],[-3.83797019057855,53.3040422018051],[-3.83795348908078,53.3049441763407],[-3.8378953921249,53.3055132620147],[-3.8378179038753,53.3059478338496],[-3.83765713722454,53.3065381842725],[-3.83734306655202,53.3075067535276],[-3.83695769631049,53.3084233937616],[-3.83683446605619,53.3086662465714],[-3.83532955432835,53.3113028035173],[-3.83390714332363,53.3137691080209],[-3.8336670134761,53.3137341541746],[-3.83285961267793,53.3151085329348],[-3.83190630901133,53.3167190025446],[-3.83176446887665,53.3169476666214],[-3.83162146089504,53.3171144254149],[-3.8315074541548,53.3172213301815],[-3.8310495144062,53.3175349281235],[-3.8303708355633,53.3179202168822],[-3.83023105459062,53.3178819185461],[-3.82998697593496,53.3180358460327],[-3.82738598440403,53.3195302761728],[-3.82697739923981,53.3197370486596],[-3.82680735271188,53.3199032270924],[-3.82664503796237,53.3200765670379],[-3.8265977405118,53.3201285207896],[-3.82651989389054,53.3202043095512],[-3.82645434634233,53.3202521385331],[-3.82597264473019,53.3204311773364],[-3.82601771511287,53.3204691338603],[-3.82650199724805,53.3208761475389],[-3.82454510196975,53.3217754547989],[-3.82447990291452,53.3218664182135],[-3.82334666102442,53.3236957021737],[-3.8233095630139,53.3236862562551],[-3.82325298577265,53.323665814796],[-3.82275076061091,53.3235185034436],[-3.82239676476872,53.323431765509],[-3.8221281159094,53.3233746483492],[-3.82176771321267,53.3232854892037],[-3.82153087448884,53.323238403124],[-3.82131242202369,53.3231964298073],[-3.8210972337698,53.3231500010818],[-3.82060600576394,53.3230631959209],[-3.82022101664736,53.3229994898644],[-3.81995060037412,53.3229536323862],[-3.8195717010673,53.3228989112903],[-3.81917695084419,53.3228456894242],[-3.81880497869118,53.3227913996065],[-3.81855313695423,53.3227691693304],[-3.81841528606115,53.3227617420663],[-3.81807224926898,53.3227275960595],[-3.8178524069957,53.3227057755148],[-3.81737647272022,53.3226712268618],[-3.81689877298844,53.3226481206568],[-3.8155937467526,53.3225949374842],[-3.81548158776856,53.3225903612469],[-3.81518382650652,53.3225782270941],[-3.81506667296107,53.3225773135606],[-3.81490065780195,53.3225748961515],[-3.8146739485133,53.322575200305],[-3.8145455030993,53.3225735591074],[-3.81435170961372,53.3225711141764],[-3.81422553401988,53.3225698875998],[-3.81407298534266,53.3225663651183],[-3.81385145163773,53.3225647909384],[-3.81371177153634,53.3225637692604],[-3.81357132214416,53.3225623096142],[-3.81355319203568,53.3225620297932]]]},"properties":{"WD24CD":"W05001430","WD24NM":"Tudno","LAD24NM":"Conwy"}}]}